/*
Navicat MySQL Data Transfer

Source Server         : local
Source Server Version : 50734
Source Host           : localhost:3306
Source Database       : firm

Target Server Type    : MYSQL
Target Server Version : 50734
File Encoding         : 65001

Date: 2022-12-28 19:58:06
*/

SET FOREIGN_KEY_CHECKS=0;

-- ----------------------------
-- Table structure for account_emailaddress
-- ----------------------------
DROP TABLE IF EXISTS `account_emailaddress`;
CREATE TABLE `account_emailaddress` (
  `id` int(11) NOT NULL AUTO_INCREMENT,
  `email` varchar(254) NOT NULL,
  `verified` tinyint(1) NOT NULL,
  `primary` tinyint(1) NOT NULL,
  `user_id` int(11) NOT NULL,
  PRIMARY KEY (`id`),
  UNIQUE KEY `email` (`email`),
  KEY `account_emailaddress_user_id_2c513194_fk_auth_user_id` (`user_id`),
  CONSTRAINT `account_emailaddress_user_id_2c513194_fk_auth_user_id` FOREIGN KEY (`user_id`) REFERENCES `auth_user` (`id`)
) ENGINE=InnoDB AUTO_INCREMENT=3 DEFAULT CHARSET=utf8;

-- ----------------------------
-- Records of account_emailaddress
-- ----------------------------
INSERT INTO `account_emailaddress` VALUES ('1', 'yuanjie19890122@gmail.com', '0', '1', '2');
INSERT INTO `account_emailaddress` VALUES ('2', '843514174@qq.com', '0', '0', '2');

-- ----------------------------
-- Table structure for account_emailconfirmation
-- ----------------------------
DROP TABLE IF EXISTS `account_emailconfirmation`;
CREATE TABLE `account_emailconfirmation` (
  `id` int(11) NOT NULL AUTO_INCREMENT,
  `created` datetime(6) NOT NULL,
  `sent` datetime(6) DEFAULT NULL,
  `key` varchar(64) NOT NULL,
  `email_address_id` int(11) NOT NULL,
  PRIMARY KEY (`id`),
  UNIQUE KEY `key` (`key`),
  KEY `account_emailconfirm_email_address_id_5b7f8c58_fk_account_e` (`email_address_id`),
  CONSTRAINT `account_emailconfirm_email_address_id_5b7f8c58_fk_account_e` FOREIGN KEY (`email_address_id`) REFERENCES `account_emailaddress` (`id`)
) ENGINE=InnoDB DEFAULT CHARSET=utf8;

-- ----------------------------
-- Records of account_emailconfirmation
-- ----------------------------

-- ----------------------------
-- Table structure for app_about
-- ----------------------------
DROP TABLE IF EXISTS `app_about`;
CREATE TABLE `app_about` (
  `id` int(11) NOT NULL AUTO_INCREMENT,
  `name` varchar(256) NOT NULL,
  `img` varchar(256) NOT NULL,
  `title` varchar(15) NOT NULL,
  `subtitle` varchar(256) NOT NULL,
  `content` longtext NOT NULL,
  `is_show` tinyint(1) NOT NULL,
  PRIMARY KEY (`id`)
) ENGINE=InnoDB AUTO_INCREMENT=6 DEFAULT CHARSET=utf8;

-- ----------------------------
-- Records of app_about
-- ----------------------------
INSERT INTO `app_about` VALUES ('1', '公司简介', 'fa fa-list-alt', '柏盛介绍', 'Introduction Of Baison', '<p class=\"top1\" style=\"margin: 0px 0px 20px; padding: 0px; text-decoration: none; list-style: none; box-sizing: border-box; cursor: default; color: rgb(92, 183, 244); font-size: 36px; font-family: &quot;Open Sans&quot;, Arial, &quot;Hiragino Sans GB&quot;, &quot;Microsoft YaHei&quot;, 微软雅黑, STHeiti, &quot;WenQuanYi Micro Hei&quot;, SimSun, sans-serif; font-style: normal; font-variant-ligatures: normal; font-variant-caps: normal; font-weight: normal; letter-spacing: normal; orphans: 2; text-align: center; text-indent: 0px; text-transform: none; white-space: normal; widows: 2; word-spacing: 0px; -webkit-text-stroke-width: 0px; background-color: rgb(255, 255, 255);\">基本信息</p><p class=\"content\" style=\"margin: 0px 0px 10px; padding: 0px; text-decoration: none; list-style: none; box-sizing: border-box; cursor: default; color: rgb(102, 102, 102); text-align: left; font-family: &quot;Open Sans&quot;, Arial, &quot;Hiragino Sans GB&quot;, &quot;Microsoft YaHei&quot;, 微软雅黑, STHeiti, &quot;WenQuanYi Micro Hei&quot;, SimSun, sans-serif; font-size: 14px; font-style: normal; font-variant-ligatures: normal; font-variant-caps: normal; font-weight: normal; letter-spacing: normal; orphans: 2; text-indent: 0px; text-transform: none; white-space: normal; widows: 2; word-spacing: 0px; -webkit-text-stroke-width: 0px; background-color: rgb(255, 255, 255);\">上海力软信息技术有限公司，是一家专业从事开发框架研发及企业应用系统开发的高新技术企业，公司核心团队由多名资深前端工程师、美工、资深架构师、资深APP开发工程师，知名企业IT管理人员组成， 他们对企业信息化建设有着丰富的经验及创新意识。公司为客户提供集管理咨询、软件开发、系统维护为一体的综合性服务。 公司自主创新产品--力软敏捷开发框架使用了当前主流的应用开发技术，及众多客户软件开发实践的成功经验。框架内置工作流、 向导式智能开发组件、即时通讯组件、APP开发组件、微信组件、通用权限等一系列组件，软件开发人员通过一系列配置就可以快速构建高质量的信息系统。 该产品的投入使用能帮您大大降低软件研发成本，提高软件质量，从而提高产品竞争力，助力企业快速发展。</p><p><br/></p>', '1');
INSERT INTO `app_about` VALUES ('2', '汇款账号', 'fa fa-music', '汇款信息', '', '<p class=\"top1\" style=\"margin: 0px 0px 20px; padding: 0px; text-decoration: none; list-style: none; box-sizing: border-box; cursor: default; color: rgb(92, 183, 244); font-size: 36px; font-family: &quot;Open Sans&quot;, Arial, &quot;Hiragino Sans GB&quot;, &quot;Microsoft YaHei&quot;, 微软雅黑, STHeiti, &quot;WenQuanYi Micro Hei&quot;, SimSun, sans-serif; font-style: normal; font-variant-ligatures: normal; font-variant-caps: normal; font-weight: normal; letter-spacing: normal; orphans: 2; text-align: center; text-indent: 0px; text-transform: none; white-space: normal; widows: 2; word-spacing: 0px; -webkit-text-stroke-width: 0px; background-color: rgb(255, 255, 255);\">汇款信息</p><ul class=\"content list-paddingleft-2\" style=\"list-style-type: none;\"><li><p><img src=\"http://www.learun.cn/Content/images/pay1.jpg\" alt=\"\" style=\"margin: 0px 20px 25px 0px; padding: 0px; text-decoration: none; list-style: none; box-sizing: border-box; border: 0px; vertical-align: middle;\"/></p><p class=\"line1\" style=\"margin: 0px 0px 10px; padding: 0px; text-decoration: none; list-style: none; box-sizing: border-box; cursor: default;\">开户名：上海力软信息技术有限公司<span style=\"margin: 0px; padding: 0px 10px; text-decoration: none; list-style: none; box-sizing: border-box; display: inline-block;\">|</span>开户行：上海农商银行枫泾支行</p><p class=\"line2\" style=\"margin: 0px 0px 10px; padding: 0px; text-decoration: none; list-style: none; box-sizing: border-box; cursor: default;\">帐 号： 5013 1000 3425 0472 2</p></li></ul><p class=\"line2\" style=\"margin: 0px 0px 10px; padding: 0px; text-decoration: none; list-style: none; box-sizing: border-box; cursor: default;\"><br/></p><p class=\"line2\" style=\"margin: 0px 0px 10px; padding: 0px; text-decoration: none; list-style: none; box-sizing: border-box; cursor: default;\"><br/></p><ul class=\"content list-paddingleft-2\" style=\"list-style-type: none;\"><li><p><img src=\"http://www.learun.cn/Content/images/pay2.jpg\" alt=\"\" style=\"margin: 0px 20px 25px 0px; padding: 0px; text-decoration: none; list-style: none; box-sizing: border-box; border: 0px; vertical-align: middle;\"/></p><p class=\"line1\" style=\"margin: 0px 0px 10px; padding: 0px; text-decoration: none; list-style: none; box-sizing: border-box; cursor: default;\">开户名：力软信息技术（苏州）有限公司<span style=\"margin: 0px; padding: 0px 10px; text-decoration: none; list-style: none; box-sizing: border-box; display: inline-block;\">|</span>开户行：上海浦东发展银行苏州分行</p><p class=\"line2\" style=\"margin: 0px 0px 10px; padding: 0px; text-decoration: none; list-style: none; box-sizing: border-box; cursor: default;\">帐 号： 8901 0154 8000 0380 1</p></li></ul><p class=\"line2\" style=\"margin: 0px 0px 10px; padding: 0px; text-decoration: none; list-style: none; box-sizing: border-box; cursor: default;\"><br/></p><p class=\"line2\" style=\"margin: 0px 0px 10px; padding: 0px; text-decoration: none; list-style: none; box-sizing: border-box; cursor: default;\"><br/></p><ul class=\"content list-paddingleft-2\" style=\"list-style-type: none;\"><li><p><img src=\"http://www.learun.cn/Content/images/pay3.jpg\" alt=\"\" style=\"margin: 0px 20px 25px 0px; padding: 0px; text-decoration: none; list-style: none; box-sizing: border-box; border: 0px; vertical-align: middle;\"/></p><p class=\"line1\" style=\"margin: 0px 0px 10px; padding: 0px; text-decoration: none; list-style: none; box-sizing: border-box; cursor: default;\">开户名：上海力软信息技术有限公司</p><p class=\"line2\" style=\"margin: 0px 0px 10px; padding: 0px; text-decoration: none; list-style: none; box-sizing: border-box; cursor: default;\">账 号： learun_sh@126.com</p></li></ul><p><br/></p>', '1');
INSERT INTO `app_about` VALUES ('3', '资质认证', 'fa fa-search', '广受好评', '', '<p class=\"top1\" style=\"margin: 0px 0px 20px; padding: 0px; text-decoration: none; list-style: none; box-sizing: border-box; cursor: default; color: rgb(92, 183, 244); font-size: 36px; font-family: &quot;Open Sans&quot;, Arial, &quot;Hiragino Sans GB&quot;, &quot;Microsoft YaHei&quot;, 微软雅黑, STHeiti, &quot;WenQuanYi Micro Hei&quot;, SimSun, sans-serif; font-style: normal; font-variant-ligatures: normal; font-variant-caps: normal; font-weight: normal; letter-spacing: normal; orphans: 2; text-align: center; text-indent: 0px; text-transform: none; white-space: normal; widows: 2; word-spacing: 0px; -webkit-text-stroke-width: 0px; background-color: rgb(255, 255, 255);\">广受好评</p><p class=\"content\" style=\"margin: 0px 0px 10px; padding: 0px; text-decoration: none; list-style: none; box-sizing: border-box; cursor: default; color: rgb(102, 102, 102); text-align: left; font-family: &quot;Open Sans&quot;, Arial, &quot;Hiragino Sans GB&quot;, &quot;Microsoft YaHei&quot;, 微软雅黑, STHeiti, &quot;WenQuanYi Micro Hei&quot;, SimSun, sans-serif; font-size: 14px; font-style: normal; font-variant-ligatures: normal; font-variant-caps: normal; font-weight: normal; letter-spacing: normal; orphans: 2; text-indent: 0px; text-transform: none; white-space: normal; widows: 2; word-spacing: 0px; -webkit-text-stroke-width: 0px; background-color: rgb(255, 255, 255);\">近年来，一系列基于力软信息化快速开发的软件产品和方案已经在能源、重工、汽车、食品、物流、通讯、医疗、餐饮等各行各业得到了广泛应用；该产品已经在中国长江电力、中国能建、中国中车、上海电气、上海国药、临沂申通快递、远大物产、浙江农林大学、重庆邮电大学等5000余家企业实际运用，并得到客户的一致好评。</p><p><img src=\"http://www.learun.cn/Content/images/gy1.jpg\" alt=\"\" style=\"margin: 10px 0px 0px; padding: 0px; text-decoration: none; list-style: none; box-sizing: border-box; border: 0px; vertical-align: middle; width: 240px; height: 94px; float: left;\"/><img src=\"http://www.learun.cn/Content/images/gy2.jpg\" alt=\"\" style=\"margin: 10px 0px 0px; padding: 0px; text-decoration: none; list-style: none; box-sizing: border-box; border: 0px; vertical-align: middle; width: 240px; height: 94px; float: left;\"/><img src=\"http://www.learun.cn/Content/images/gy3.jpg\" alt=\"\" style=\"margin: 10px 0px 0px; padding: 0px; text-decoration: none; list-style: none; box-sizing: border-box; border: 0px; vertical-align: middle; width: 240px; height: 94px; float: left;\"/><img src=\"http://www.learun.cn/Content/images/gy4.jpg\" alt=\"\" style=\"margin: 10px 0px 0px; padding: 0px; text-decoration: none; list-style: none; box-sizing: border-box; border: 0px; vertical-align: middle; width: 240px; height: 94px; float: left;\"/><img src=\"http://www.learun.cn/Content/images/gy5.jpg\" alt=\"\" style=\"margin: 10px 0px 0px; padding: 0px; text-decoration: none; list-style: none; box-sizing: border-box; border: 0px; vertical-align: middle; width: 240px; height: 94px; float: left;\"/><img src=\"http://www.learun.cn/Content/images/gy6.jpg\" alt=\"\" style=\"margin: 10px 0px 0px; padding: 0px; text-decoration: none; list-style: none; box-sizing: border-box; border: 0px; vertical-align: middle; width: 240px; height: 94px; float: left;\"/><img src=\"http://www.learun.cn/Content/images/gy7.jpg\" alt=\"\" style=\"margin: 10px 0px 0px; padding: 0px; text-decoration: none; list-style: none; box-sizing: border-box; border: 0px; vertical-align: middle; width: 240px; height: 94px; float: left;\"/><img src=\"http://www.learun.cn/Content/images/gy8.jpg\" alt=\"\" style=\"margin: 10px 0px 0px; padding: 0px; text-decoration: none; list-style: none; box-sizing: border-box; border: 0px; vertical-align: middle; width: 240px; height: 94px; float: left;\"/></p><p><br/></p><p><br/></p><p><br/></p><p><br/></p><p><br/></p><p><br/></p><p><br/></p><p><br/></p><p><br/></p><p><br/></p>', '1');
INSERT INTO `app_about` VALUES ('4', '管理团队', 'fa fa-envelope-o', '', '', '<p class=\"top1\" style=\"margin: 0px 0px 20px; padding: 0px; text-decoration: none; list-style: none; box-sizing: border-box; cursor: default; color: rgb(92, 183, 244); font-size: 36px; font-family: &quot;Open Sans&quot;, Arial, &quot;Hiragino Sans GB&quot;, &quot;Microsoft YaHei&quot;, 微软雅黑, STHeiti, &quot;WenQuanYi Micro Hei&quot;, SimSun, sans-serif; font-style: normal; font-variant-ligatures: normal; font-variant-caps: normal; font-weight: normal; letter-spacing: normal; orphans: 2; text-align: center; text-indent: 0px; text-transform: none; white-space: normal; widows: 2; word-spacing: 0px; -webkit-text-stroke-width: 0px; background-color: rgb(255, 255, 255);\">技术类</p><ul style=\"list-style-type: none;\" class=\" list-paddingleft-2\"><li><h3 style=\"margin: 0px 0px 10px; padding: 0px; text-decoration: none; list-style: none; box-sizing: border-box; font-family: inherit; font-weight: 400; line-height: 1.1; color: rgb(102, 102, 102); font-size: 16px;\">职位名称：</h3><p style=\"margin: 0px 0px 40px; padding: 0px; text-decoration: none; list-style: none; box-sizing: border-box; cursor: default; font-size: 16px;\">#.NET软件工程师（实习）</p><h3 style=\"margin: 0px 0px 10px; padding: 0px; text-decoration: none; list-style: none; box-sizing: border-box; font-family: inherit; font-weight: 400; line-height: 1.1; color: rgb(102, 102, 102); font-size: 16px;\">职位要求：</h3><p style=\"margin: 0px 0px 40px; padding: 0px; text-decoration: none; list-style: none; box-sizing: border-box; cursor: default; font-size: 16px;\">计算机相关专业，熟悉C#，asp.net MVC，sqlserver数据库，对前端开发有一定了解。</p></li><li><h3 style=\"margin: 0px 0px 10px; padding: 0px; text-decoration: none; list-style: none; box-sizing: border-box; font-family: inherit; font-weight: 400; line-height: 1.1; color: rgb(102, 102, 102); font-size: 16px;\">职位名称：</h3><p style=\"margin: 0px 0px 40px; padding: 0px; text-decoration: none; list-style: none; box-sizing: border-box; cursor: default; font-size: 16px;\">售前／售后技术支持工程师</p><h3 style=\"margin: 0px 0px 10px; padding: 0px; text-decoration: none; list-style: none; box-sizing: border-box; font-family: inherit; font-weight: 400; line-height: 1.1; color: rgb(102, 102, 102); font-size: 16px;\">职位要求：</h3><p style=\"margin: 0px 0px 40px; padding: 0px; text-decoration: none; list-style: none; box-sizing: border-box; cursor: default; font-size: 16px;\">负责公司软件的售前工作，配合销售进行市场拓展；<br style=\"margin: 0px; padding: 0px; text-decoration: none; list-style: none; box-sizing: border-box;\"/>对所交付的产品及解决方案进行售后跟踪；<br style=\"margin: 0px; padding: 0px; text-decoration: none; list-style: none; box-sizing: border-box;\"/>具有一定的咨询、产品及解决方案售前经验；<br style=\"margin: 0px; padding: 0px; text-decoration: none; list-style: none; box-sizing: border-box;\"/>良好的沟通能力、团队合作精神、服务意识、客户关系处理能力。</p><h3 style=\"margin: 0px 0px 10px; padding: 0px; text-decoration: none; list-style: none; box-sizing: border-box; font-family: inherit; font-weight: 400; line-height: 1.1; color: rgb(102, 102, 102); font-size: 16px;\">任职要求：</h3><p style=\"margin: 0px 0px 40px; padding: 0px; text-decoration: none; list-style: none; box-sizing: border-box; cursor: default; font-size: 16px;\">性别要求：女<br style=\"margin: 0px; padding: 0px; text-decoration: none; list-style: none; box-sizing: border-box;\"/>具有较强的观察与分析能力，善于总结、积累经验；<br style=\"margin: 0px; padding: 0px; text-decoration: none; list-style: none; box-sizing: border-box;\"/>具有较强的语言表达能力，以及应变能力；谈吐清楚、普通话标准；<br style=\"margin: 0px; padding: 0px; text-decoration: none; list-style: none; box-sizing: border-box;\"/>具有高度责任心，良好的应急响应能力和处理问题能力；</p></li></ul><p><br/></p>', '1');
INSERT INTO `app_about` VALUES ('5', '联系方式', 'fa fa-phone', '联系方式', '', '<p class=\"top1\" style=\"margin: 0px 0px 20px; padding: 0px; text-decoration: none; list-style: none; box-sizing: border-box; cursor: default; color: rgb(92, 183, 244); font-size: 36px; font-family: &quot;Open Sans&quot;, Arial, &quot;Hiragino Sans GB&quot;, &quot;Microsoft YaHei&quot;, 微软雅黑, STHeiti, &quot;WenQuanYi Micro Hei&quot;, SimSun, sans-serif; font-style: normal; font-variant-ligatures: normal; font-variant-caps: normal; font-weight: normal; letter-spacing: normal; orphans: 2; text-align: center; text-indent: 0px; text-transform: none; white-space: normal; widows: 2; word-spacing: 0px; -webkit-text-stroke-width: 0px; background-color: rgb(255, 255, 255);\">联系方式</p><p><img src=\"http://www.learun.cn/Content/images/lx1.png\" alt=\"\" style=\"margin: 0px 20px 0px 0px; padding: 0px; text-decoration: none; list-style: none; box-sizing: border-box; border: 0px; vertical-align: middle;\"/>地 址：上海市松江区沈砖公路5555弄10号楼（上海总部）<br style=\"margin: 0px; padding: 0px; text-decoration: none; list-style: none; box-sizing: border-box;\"/><img src=\"http://www.learun.cn/Content/images/lx4.png\" alt=\"\" style=\"margin: 0px 20px 0px 0px; padding: 0px; text-decoration: none; list-style: none; box-sizing: border-box; border: 0px; vertical-align: middle;\"/>电 话：13671911811<br style=\"margin: 0px; padding: 0px; text-decoration: none; list-style: none; box-sizing: border-box;\"/><img src=\"http://www.learun.cn/Content/images/lx1.png\" alt=\"\" style=\"margin: 0px 20px 0px 0px; padding: 0px; text-decoration: none; list-style: none; box-sizing: border-box; border: 0px; vertical-align: middle;\"/>地 址：苏州工业园区中节能产业园41栋（苏州分部）<br style=\"margin: 0px; padding: 0px; text-decoration: none; list-style: none; box-sizing: border-box;\"/><img src=\"http://www.learun.cn/Content/images/lx4.png\" alt=\"\" style=\"margin: 0px 20px 0px 0px; padding: 0px; text-decoration: none; list-style: none; box-sizing: border-box; border: 0px; vertical-align: middle;\"/>电 话：0512-67227790<br style=\"margin: 0px; padding: 0px; text-decoration: none; list-style: none; box-sizing: border-box;\"/><img src=\"http://www.learun.cn/Content/images/lx2.png\" alt=\"\" style=\"margin: 0px 20px 0px 0px; padding: 0px; text-decoration: none; list-style: none; box-sizing: border-box; border: 0px; vertical-align: middle;\"/>邮 编：20000／215000<span class=\"Apple-converted-space\">&nbsp;</span><br style=\"margin: 0px; padding: 0px; text-decoration: none; list-style: none; box-sizing: border-box;\"/><img src=\"http://www.learun.cn/Content/images/lx3.png\" alt=\"\" style=\"margin: 0px 20px 0px 0px; padding: 0px; text-decoration: none; list-style: none; box-sizing: border-box; border: 0px; vertical-align: middle;\"/>网 址：www.learun.cn/<span class=\"Apple-converted-space\">&nbsp;</span><br style=\"margin: 0px; padding: 0px; text-decoration: none; list-style: none; box-sizing: border-box;\"/><img src=\"http://www.learun.cn/Content/images/lx5.png\" alt=\"\" style=\"margin: 0px 20px 0px 0px; padding: 0px; text-decoration: none; list-style: none; box-sizing: border-box; border: 0px; vertical-align: middle;\"/>传 真：0512-67227790</p><p><br/></p><p><br/></p><p style=\"text-align: center;\"><img src=\"http://api.map.baidu.com/staticimage?center=114.360751,30.502903&zoom=12&width=530&height=340&markers=114.360751,30.502903\" width=\"530\" height=\"340\"/></p>', '1');

-- ----------------------------
-- Table structure for app_banner
-- ----------------------------
DROP TABLE IF EXISTS `app_banner`;
CREATE TABLE `app_banner` (
  `id` int(11) NOT NULL AUTO_INCREMENT,
  `menu` int(11) NOT NULL,
  `image` varchar(100) NOT NULL,
  `index` int(11) NOT NULL,
  `desc1` varchar(15) NOT NULL,
  `desc2` varchar(20) NOT NULL,
  `add_time` datetime(6) NOT NULL,
  `is_use` tinyint(1) NOT NULL,
  PRIMARY KEY (`id`)
) ENGINE=InnoDB DEFAULT CHARSET=utf8;

-- ----------------------------
-- Records of app_banner
-- ----------------------------

-- ----------------------------
-- Table structure for app_case
-- ----------------------------
DROP TABLE IF EXISTS `app_case`;
CREATE TABLE `app_case` (
  `id` int(11) NOT NULL AUTO_INCREMENT,
  `title` varchar(256) NOT NULL,
  `slug` varchar(100) NOT NULL,
  `img` varchar(100) NOT NULL,
  `abstract` longtext,
  `views` int(10) unsigned NOT NULL,
  `content` longtext NOT NULL,
  `is_hot` tinyint(1) NOT NULL,
  `is_publish` tinyint(1) NOT NULL,
  `pub_date` datetime(6) NOT NULL,
  `update_time` datetime(6) DEFAULT NULL,
  `type_id` int(11) NOT NULL,
  PRIMARY KEY (`id`),
  UNIQUE KEY `slug` (`slug`),
  KEY `app_case_type_id_4dea4179_fk_app_casetype_id` (`type_id`),
  CONSTRAINT `app_case_type_id_4dea4179_fk_app_casetype_id` FOREIGN KEY (`type_id`) REFERENCES `app_casetype` (`id`)
) ENGINE=InnoDB AUTO_INCREMENT=111 DEFAULT CHARSET=utf8;

-- ----------------------------
-- Records of app_case
-- ----------------------------
INSERT INTO `app_case` VALUES ('1', '城市公共信息服务平台', 'case_1', 'pictures/case/2018/05/15/parallax_main.jpg', '<p style=\"cursor: default; color: rgb(102, 102, 102);', '6', '<p style=\"cursor: default; color: rgb(102, 102, 102); font-family: &quot;Open Sans&quot;, Arial, &quot;Hiragino Sans GB&quot;, &quot;Microsoft YaHei&quot;, 微软雅黑, STHeiti, &quot;WenQuanYi Micro Hei&quot;, SimSun, sans-serif; font-size: 16px; font-style: normal; font-variant-ligatures: normal; font-variant-caps: normal; font-weight: normal; letter-spacing: normal; orphans: 2; text-align: start; text-indent: 0px; text-transform: none; white-space: normal; widows: 2; word-spacing: 0px; -webkit-text-stroke-width: 0px; background-color: rgb(255, 255, 255); text-decoration-style: initial; text-decoration-color: initial;\">根据《力软敏捷开发框架》 来进行改造，充分利用云计算、大数据等新一代信息技术进行融合创新， 为市民、企业和城市管理者提供了通畅的双向、多向信息沟通机制和便捷的服务渠道。</p><p style=\"cursor: default; color: rgb(102, 102, 102); font-family: &quot;Open Sans&quot;, Arial, &quot;Hiragino Sans GB&quot;, &quot;Microsoft YaHei&quot;, 微软雅黑, STHeiti, &quot;WenQuanYi Micro Hei&quot;, SimSun, sans-serif; font-size: 16px; font-style: normal; font-variant-ligatures: normal; font-variant-caps: normal; font-weight: normal; letter-spacing: normal; orphans: 2; text-align: start; text-indent: 0px; text-transform: none; white-space: normal; widows: 2; word-spacing: 0px; -webkit-text-stroke-width: 0px; background-color: rgb(255, 255, 255); text-decoration-style: initial; text-decoration-color: initial;\">此平台由市民融合服务平台、企业融合服务平台和城市管理服务平台三部分构成：<br/>面向市民，以改善、保障和服务民生为出发点；<br/>面向企业，以持续促进经济转型发展、创造优良产业环境、拉动企业创新为目的；<span class=\"Apple-converted-space\">&nbsp;</span><br/><span class=\"Apple-converted-space\">&nbsp;</span>面向城市管理者，一方面要围绕环境、交通、医疗、教育等，构建智慧城市日常运营以及应急联动指挥响应管理平台， 另一方面，构建科学决策系统，通过对城市复杂系统进行大数据挖掘，寻找城市科学的发展规律，验证政策的合理与有效性，从而推动科学决策，为可持续发展目标提供决策工具。</p><p style=\"cursor: default; color: rgb(102, 102, 102);\">－部分界面</p><p><img src=\"http://www.learun.cn/Content/images/demo7.png\" alt=\"力软信息,快速开发平台,快速开发框架\" style=\"margin: 0px; padding: 0px; text-decoration: none; list-style: none; border: 1px solid rgb(238, 238, 238);\"/></p><p style=\"line-height: 16px;\"><img style=\"vertical-align: middle; margin-right: 2px;\" src=\"http://127.0.0.1:8000/static/ueditor/dialogs/attachment/fileTypeImages/icon_rar.gif\"/><a style=\"font-size:12px; color:#0066cc;\" href=\"/media/uploads/files/很棒的css3 Tab_20180515175713_739.zip\" title=\"很棒的css3 Tab.zip\">很棒的css3 Tab.zip</a></p><p><iframe class=\"ueditor_baidumap\" src=\"http://127.0.0.1:8000/static/ueditor/dialogs/map/show.html#center=114.311586,30.598467&zoom=13&width=530&height=340&markers=114.311586,30.598467&markerStyles=l,A\" width=\"534\" height=\"344\" frameborder=\"0\"></iframe><br/></p><p><br/></p>', '1', '1', '2018-05-15 17:42:56.174000', '2018-05-17 09:59:56.434000', '1');
INSERT INTO `app_case` VALUES ('4', '标题一', '21324', 'pictures/case/2018/05/16/QQ截图20180514132743_fXRcWFf.png', '学生务必在每项内容填写', '1', '<p>网上申请论文答辩填写说明：</p><p style=\"text-align:left;\">1、登录研究生管理信息系统，进入“学位”模块，点击左侧菜单栏中“学位论文评审管理”按钮进行学位论文答辩申请；</p><p style=\"text-align:left;\">2、填写申请学位论文答辩申请信息后，点击右上角“保存”键保存（关键词3-5个，用“，”号隔开）；</p><p style=\"text-align:left;\">3、点击右端修改标志，继续填写申请学位论文答辩的详细内容；学生务必在每项内容填写完成后都及时点击页面右上角的“保存”标志，否则所填内容系统不会记忆。（重要，请切记）；</p><p style=\"text-align:left;\">4、系统自动抓取阶段报告题目，阶段报告后不允许调整论文题目；</p><p>5、在“论文、成果”一栏根据《研究生在读期间公开发表学术论文要求的规定》选择申请答辩所需数量的论文、科研成果或专利。注意：论文或获奖成果的扫描件未上传无法成为答辩申请材料；未发表不能成为答辩申请材料；论文篇数不超过5篇，超过将导致文件格式紊乱。（专业硕士无需此项）</p><p>6、“评审信息”中的“秘书”与“评阅人”信息暂时不需填写。</p><p>7、学生本人在“审核材料”一栏下载导出审批材料一，仔细检查信息是否完整，如有空白，需在系统完善相关信息（主要检查位置：封面研究方向、申请人基本信息完整、论文对应章节、最后一页为双面打印）；确定论文答辩申请材料填写完毕且不再改修后，务必将“基本信息”项中“提交状态”一栏变更为“已完成”，否则，导师将无法浏览和审核学生的申请材料。</p><p>8、学生看到“导师审核”栏内容变更为“是”后，在“审核材料”页面下载导出完整</p><p><br/></p>', '0', '1', '2018-05-16 17:10:17.250000', '2018-05-17 17:36:25.950000', '1');
INSERT INTO `app_case` VALUES ('5', '公司网站标题一', 'gegett87', 'pictures/case/2018/05/16/QQ截图20180514132821_h1qa4uD.png', null, '21', '<p style=\"box-sizing: border-box; outline: 0px; padding: 0px; margin: 0px 0px 16px; font-size: 16px; color: rgb(79, 79, 79); font-weight: normal; line-height: 26px; text-align: justify; word-break: break-all; font-family: -apple-system, &quot;SF UI Text&quot;, Arial, &quot;PingFang SC&quot;, &quot;Hiragino Sans GB&quot;, &quot;Microsoft YaHei&quot;, &quot;WenQuanYi Micro Hei&quot;, sans-serif, SimHei, SimSun; font-style: normal; font-variant-ligatures: normal; font-variant-caps: normal; letter-spacing: normal; orphans: 2; text-indent: 0px; text-transform: none; white-space: normal; widows: 2; word-spacing: 0px; -webkit-text-stroke-width: 0px; background-color: rgb(255, 255, 255); text-decoration-style: initial; text-decoration-color: initial;\">xadmin为django后台管理系统admin的升级版，<a href=\"https://github.com/sshwsfc/xadmin\" target=\"_blank\" style=\"box-sizing: border-box; outline: 0px; color: rgb(103, 149, 181); text-decoration: none; cursor: pointer; word-break: break-all;\">点击进入github</a></p><p style=\"box-sizing: border-box; outline: 0px; padding: 0px; margin: 0px 0px 16px; font-size: 16px; color: rgb(79, 79, 79); font-weight: normal; line-height: 26px; text-align: justify; word-break: break-all; font-family: -apple-system, &quot;SF UI Text&quot;, Arial, &quot;PingFang SC&quot;, &quot;Hiragino Sans GB&quot;, &quot;Microsoft YaHei&quot;, &quot;WenQuanYi Micro Hei&quot;, sans-serif, SimHei, SimSun; font-style: normal; font-variant-ligatures: normal; font-variant-caps: normal; letter-spacing: normal; orphans: 2; text-indent: 0px; text-transform: none; white-space: normal; widows: 2; word-spacing: 0px; -webkit-text-stroke-width: 0px; background-color: rgb(255, 255, 255); text-decoration-style: initial; text-decoration-color: initial;\">在对后台进行编辑时，采用百度开源的富文本编辑器ueditor，本文采用djangoueditor，<a href=\"https://github.com/zhangfisher/DjangoUeditor\" target=\"_blank\" style=\"box-sizing: border-box; outline: 0px; color: rgb(103, 149, 181); text-decoration: none; cursor: pointer; word-break: break-all;\">源程序点此进入</a>。由于作者不再对其进行维护，这个版本不再适用于Python3版本，Python3的版本安装<span class=\"Apple-converted-space\">&nbsp;</span><a href=\"https://github.com/twz915/DjangoUeditor3\" target=\"_blank\" style=\"box-sizing: border-box; outline: 0px; color: rgb(103, 149, 181); text-decoration: none; cursor: pointer; word-break: break-all;\">点此进入</a>。</p><p style=\"box-sizing: border-box; outline: 0px; padding: 0px; margin: 0px 0px 16px; font-size: 16px; color: rgb(79, 79, 79); font-weight: normal; line-height: 26px; text-align: justify; word-break: break-all; font-family: -apple-system, &quot;SF UI Text&quot;, Arial, &quot;PingFang SC&quot;, &quot;Hiragino Sans GB&quot;, &quot;Microsoft YaHei&quot;, &quot;WenQuanYi Micro Hei&quot;, sans-serif, SimHei, SimSun; font-style: normal; font-variant-ligatures: normal; font-variant-caps: normal; letter-spacing: normal; orphans: 2; text-indent: 0px; text-transform: none; white-space: normal; widows: 2; word-spacing: 0px; -webkit-text-stroke-width: 0px; background-color: rgb(255, 255, 255); text-decoration-style: initial; text-decoration-color: initial;\">对于以上xadmin和djangoueditor 的安装，本人建议直接集成在pycharm中，而不是装在虚拟环境中。因为xadmin中如果需要集成插件的话，需要对其进行添加；而djangoueditor采用pip安装的话，只能用在Python2版本中。</p><p style=\"box-sizing: border-box; outline: 0px; padding: 0px; margin: 0px 0px 16px; font-size: 16px; color: rgb(79, 79, 79); font-weight: normal; line-height: 26px; text-align: justify; word-break: break-all; font-family: -apple-system, &quot;SF UI Text&quot;, Arial, &quot;PingFang SC&quot;, &quot;Hiragino Sans GB&quot;, &quot;Microsoft YaHei&quot;, &quot;WenQuanYi Micro Hei&quot;, sans-serif, SimHei, SimSun; font-style: normal; font-variant-ligatures: normal; font-variant-caps: normal; letter-spacing: normal; orphans: 2; text-indent: 0px; text-transform: none; white-space: normal; widows: 2; word-spacing: 0px; -webkit-text-stroke-width: 0px; background-color: rgb(255, 255, 255); text-decoration-style: initial; text-decoration-color: initial;\">因此建议将源码包下载下来，并直接放在项目下的extra_apps中，如下所示：</p><p style=\"box-sizing: border-box; outline: 0px; padding: 0px; margin: 0px 0px 16px; font-size: 16px; color: rgb(79, 79, 79); font-weight: normal; line-height: 26px; text-align: justify; word-break: break-all; font-family: -apple-system, &quot;SF UI Text&quot;, Arial, &quot;PingFang SC&quot;, &quot;Hiragino Sans GB&quot;, &quot;Microsoft YaHei&quot;, &quot;WenQuanYi Micro Hei&quot;, sans-serif, SimHei, SimSun; font-style: normal; font-variant-ligatures: normal; font-variant-caps: normal; letter-spacing: normal; orphans: 2; text-indent: 0px; text-transform: none; white-space: normal; widows: 2; word-spacing: 0px; -webkit-text-stroke-width: 0px; background-color: rgb(255, 255, 255); text-decoration-style: initial; text-decoration-color: initial;\"><img src=\"https://img-blog.csdn.net/20180120151950476?watermark/2/text/aHR0cDovL2Jsb2cuY3Nkbi5uZXQvZ2Vlcm5peWE=/font/5a6L5L2T/fontsize/400/fill/I0JBQkFCMA==/dissolve/70/gravity/SouthEast\" alt=\"这里写图片描述\" title=\"\" style=\"box-sizing: border-box; outline: 0px; margin: 24px 0px; max-width: 100%; word-break: break-all; cursor: zoom-in;\"/></p><p><br/></p>', '1', '1', '2018-05-16 17:30:30.384000', '2018-05-17 17:57:16.244000', '2');
INSERT INTO `app_case` VALUES ('6', '教育标题一', 'hry6', 'pictures/case/2018/05/17/QQ截图20180514132932.png', '你好', '20', '<p style=\"box-sizing: border-box; margin: 0px 0px 10px; color: rgb(53, 53, 53); font-family: &quot;Helvetica Neue&quot;, Helvetica, Tahoma, Arial, &quot;Microsoft Yahei&quot;, &quot;PingFang SC&quot;, &quot;Hiragino Sans GB&quot;, &quot;WenQuanYi Micro Hei&quot;, sans-serif; font-size: 14px; font-style: normal; font-variant-ligatures: normal; font-variant-caps: normal; font-weight: normal; letter-spacing: normal; orphans: 2; text-align: start; text-indent: 0px; text-transform: none; white-space: normal; widows: 2; word-spacing: 0px; -webkit-text-stroke-width: 0px; background-color: rgb(255, 255, 255); text-decoration-style: initial; text-decoration-color: initial;\">HTML5是HTML最新的修订版本，2014年10月由<a href=\"https://zh.wikipedia.org/wiki/%E4%B8%87%E7%BB%B4%E7%BD%91%E8%81%94%E7%9B%9F\" target=\"_blank\" style=\"box-sizing: border-box; background: 0px 0px; color: rgb(20, 92, 205); text-decoration: none; transition: all 0.4s cubic-bezier(0.175, 0.885, 0.32, 1);\">万维网联盟</a>（W3C）完成标准制定。目标是替换1999年所制定的HTML 4.01和XHTML 1.0标准，以期能在互联网应用迅速发展的时候，使网络标准达到匹配当代的网络需求。广义论及HTML5时，实际指的是包括HTML、CSS和JavaScript在内的一套技术组合。它希望能够减少网页浏览器对于需要插件的丰富性网络应用服务（Plug-in-Based Rich Internet Application，RIA），例如：AdobeFlash、Microsoft Silverlight与Oracle JavaFX的需求，并且提供更多能有效加强网络应用的标准集。</p><blockquote style=\"box-sizing: border-box; padding: 10px 20px; margin: 0px 0px 20px; font-size: 16.25px; border-left: 5px solid rgb(229, 229, 229); color: rgb(53, 53, 53); font-family: &quot;Helvetica Neue&quot;, Helvetica, Tahoma, Arial, &quot;Microsoft Yahei&quot;, &quot;PingFang SC&quot;, &quot;Hiragino Sans GB&quot;, &quot;WenQuanYi Micro Hei&quot;, sans-serif; font-style: normal; font-variant-ligatures: normal; font-variant-caps: normal; font-weight: normal; letter-spacing: normal; orphans: 2; text-align: start; text-indent: 0px; text-transform: none; white-space: normal; widows: 2; word-spacing: 0px; -webkit-text-stroke-width: 0px; background-color: rgb(255, 255, 255); text-decoration-style: initial; text-decoration-color: initial;\"><p style=\"box-sizing: border-box; margin: 0px; font-weight: 300;\">具体来说，HTML5添加了许多新的语法特征，其中包括<span class=\"Apple-converted-space\">&nbsp;</span><code style=\"box-sizing: border-box; font-family: Monaco, Menlo, Consolas, &quot;Courier New&quot;, monospace; font-size: 14.625px; padding: 2px 4px; color: rgb(55, 71, 79); background-color: rgb(243, 245, 247); border-radius: 4px;\">&lt;video&gt;</code>、<code style=\"box-sizing: border-box; font-family: Monaco, Menlo, Consolas, &quot;Courier New&quot;, monospace; font-size: 14.625px; padding: 2px 4px; color: rgb(55, 71, 79); background-color: rgb(243, 245, 247); border-radius: 4px;\">&lt;audio&gt;</code><span class=\"Apple-converted-space\">&nbsp;</span>和<span class=\"Apple-converted-space\">&nbsp;</span><code style=\"box-sizing: border-box; font-family: Monaco, Menlo, Consolas, &quot;Courier New&quot;, monospace; font-size: 14.625px; padding: 2px 4px; color: rgb(55, 71, 79); background-color: rgb(243, 245, 247); border-radius: 4px;\">&lt;canvas&gt;</code><span class=\"Apple-converted-space\">&nbsp;</span>元素，同时集成了SVG内容。这些元素是为了更容易的在网页中添加和处理多媒体和图片内容而添加的。其它新的元素如<span class=\"Apple-converted-space\">&nbsp;</span><code style=\"box-sizing: border-box; font-family: Monaco, Menlo, Consolas, &quot;Courier New&quot;, monospace; font-size: 14.625px; padding: 2px 4px; color: rgb(55, 71, 79); background-color: rgb(243, 245, 247); border-radius: 4px;\">&lt;section&gt;</code>、<code style=\"box-sizing: border-box; font-family: Monaco, Menlo, Consolas, &quot;Courier New&quot;, monospace; font-size: 14.625px; padding: 2px 4px; color: rgb(55, 71, 79); background-color: rgb(243, 245, 247); border-radius: 4px;\">&lt;article&gt;</code>、<code style=\"box-sizing: border-box; font-family: Monaco, Menlo, Consolas, &quot;Courier New&quot;, monospace; font-size: 14.625px; padding: 2px 4px; color: rgb(55, 71, 79); background-color: rgb(243, 245, 247); border-radius: 4px;\">&lt;header&gt;</code><span class=\"Apple-converted-space\">&nbsp;</span>和<span class=\"Apple-converted-space\">&nbsp;</span><code style=\"box-sizing: border-box; font-family: Monaco, Menlo, Consolas, &quot;Courier New&quot;, monospace; font-size: 14.625px; padding: 2px 4px; color: rgb(55, 71, 79); background-color: rgb(243, 245, 247); border-radius: 4px;\">&lt;nav&gt;</code><span class=\"Apple-converted-space\">&nbsp;</span>则是为了丰富文档的数据内容。新的属性的添加也是为了同样的目的。同时也有一些属性和元素被移除掉了。一些元素，像<span class=\"Apple-converted-space\">&nbsp;</span><code style=\"box-sizing: border-box; font-family: Monaco, Menlo, Consolas, &quot;Courier New&quot;, monospace; font-size: 14.625px; padding: 2px 4px; color: rgb(55, 71, 79); background-color: rgb(243, 245, 247); border-radius: 4px;\">&lt;a&gt;</code>、<code style=\"box-sizing: border-box; font-family: Monaco, Menlo, Consolas, &quot;Courier New&quot;, monospace; font-size: 14.625px; padding: 2px 4px; color: rgb(55, 71, 79); background-color: rgb(243, 245, 247); border-radius: 4px;\">&lt;cite&gt;</code><span class=\"Apple-converted-space\">&nbsp;</span>和<span class=\"Apple-converted-space\">&nbsp;</span><code style=\"box-sizing: border-box; font-family: Monaco, Menlo, Consolas, &quot;Courier New&quot;, monospace; font-size: 14.625px; padding: 2px 4px; color: rgb(55, 71, 79); background-color: rgb(243, 245, 247); border-radius: 4px;\">&lt;menu&gt;</code><span class=\"Apple-converted-space\">&nbsp;</span>被修改，重新定义或标准化了。同时APIs和DOM已经成为HTML5中的基础部分了。HTML5还定义了处理非法文档的具体细节，使得所有浏览器和客户端程序能够一致地处理语法错误。</p></blockquote><h2 style=\"box-sizing: border-box; font-family: &quot;Helvetica Neue&quot;, Helvetica, Tahoma, Arial, &quot;Microsoft Yahei&quot;, &quot;PingFang SC&quot;, &quot;Hiragino Sans GB&quot;, &quot;WenQuanYi Micro Hei&quot;, sans-serif; font-weight: 700; line-height: 1.1; color: rgb(53, 53, 53); margin-top: 20px; margin-bottom: 10px; font-size: 18px; font-style: normal; font-variant-ligatures: normal; font-variant-caps: normal; letter-spacing: normal; orphans: 2; text-align: start; text-indent: 0px; text-transform: none; white-space: normal; widows: 2; word-spacing: 0px; -webkit-text-stroke-width: 0px; background-color: rgb(255, 255, 255); text-decoration-style: initial; text-decoration-color: initial;\">发展历史</h2><p style=\"box-sizing: border-box; margin: 0px 0px 10px; color: rgb(53, 53, 53); font-family: &quot;Helvetica Neue&quot;, Helvetica, Tahoma, Arial, &quot;Microsoft Yahei&quot;, &quot;PingFang SC&quot;, &quot;Hiragino Sans GB&quot;, &quot;WenQuanYi Micro Hei&quot;, sans-serif; font-size: 14px; font-style: normal; font-variant-ligatures: normal; font-variant-caps: normal; font-weight: normal; letter-spacing: normal; orphans: 2; text-align: start; text-indent: 0px; text-transform: none; white-space: normal; widows: 2; word-spacing: 0px; -webkit-text-stroke-width: 0px; background-color: rgb(255, 255, 255); text-decoration-style: initial; text-decoration-color: initial;\">HTML 5草案的前身名为Web Applications 1.0，是在2004年由WHATWG提出。2008年1月22日，第一份正式草案发布。WHATWG表示该规范是目前仍在进行的工作，仍须多年的努力。[8]目前Mozilla Firefox、Google Chrome、Opera、Safari（版本4以上）、Internet Explorer（版本9以上）已支持HTML5技术。</p><p style=\"box-sizing: border-box; margin: 0px 0px 10px; color: rgb(53, 53, 53); font-family: &quot;Helvetica Neue&quot;, Helvetica, Tahoma, Arial, &quot;Microsoft Yahei&quot;, &quot;PingFang SC&quot;, &quot;Hiragino Sans GB&quot;, &quot;WenQuanYi Micro Hei&quot;, sans-serif; font-size: 14px; font-style: normal; font-variant-ligatures: normal; font-variant-caps: normal; font-weight: normal; letter-spacing: normal; orphans: 2; text-align: start; text-indent: 0px; text-transform: none; white-space: normal; widows: 2; word-spacing: 0px; -webkit-text-stroke-width: 0px; background-color: rgb(255, 255, 255); text-decoration-style: initial; text-decoration-color: initial;\">2014年10月28日，W3C正式发布HTML5.0推荐标准。</p><p><img src=\"http://zui.sexy/docs/img/slide1.jpg\" alt=\"\" style=\"box-sizing: border-box; border: 0px; max-width: 100%; vertical-align: middle; margin: 10px 0px; color: rgb(53, 53, 53); font-family: &quot;Helvetica Neue&quot;, Helvetica, Tahoma, Arial, &quot;Microsoft Yahei&quot;, &quot;PingFang SC&quot;, &quot;Hiragino Sans GB&quot;, &quot;WenQuanYi Micro Hei&quot;, sans-serif; font-size: 14px; font-style: normal; font-variant-ligatures: normal; font-variant-caps: normal; font-weight: normal; letter-spacing: normal; orphans: 2; text-align: start; text-indent: 0px; text-transform: none; white-space: normal; widows: 2; word-spacing: 0px; -webkit-text-stroke-width: 0px; background-color: rgb(255, 255, 255); text-decoration-style: initial; text-decoration-color: initial;\"/><span style=\"color: rgb(53, 53, 53); font-family: &quot;Helvetica Neue&quot;, Helvetica, Tahoma, Arial, &quot;Microsoft Yahei&quot;, &quot;PingFang SC&quot;, &quot;Hiragino Sans GB&quot;, &quot;WenQuanYi Micro Hei&quot;, sans-serif; font-size: 14px; font-style: normal; font-variant-ligatures: normal; font-variant-caps: normal; font-weight: normal; letter-spacing: normal; orphans: 2; text-align: start; text-indent: 0px; text-transform: none; white-space: normal; widows: 2; word-spacing: 0px; -webkit-text-stroke-width: 0px; background-color: rgb(255, 255, 255); text-decoration-style: initial; text-decoration-color: initial; display: inline !important; float: none;\"><span class=\"Apple-converted-space\">&nbsp;</span><span class=\"Apple-converted-space\">&nbsp;</span> <span class=\"Apple-converted-space\">&nbsp;</span><span class=\"Apple-converted-space\">&nbsp;</span> <span class=\"Apple-converted-space\">&nbsp;</span></span></p><h3 style=\"box-sizing: border-box; font-family: &quot;Helvetica Neue&quot;, Helvetica, Tahoma, Arial, &quot;Microsoft Yahei&quot;, &quot;PingFang SC&quot;, &quot;Hiragino Sans GB&quot;, &quot;WenQuanYi Micro Hei&quot;, sans-serif; font-weight: 700; line-height: 1.1; color: rgb(53, 53, 53); margin-top: 20px; margin-bottom: 10px; font-size: 16px; font-style: normal; font-variant-ligatures: normal; font-variant-caps: normal; letter-spacing: normal; orphans: 2; text-align: start; text-indent: 0px; text-transform: none; white-space: normal; widows: 2; word-spacing: 0px; -webkit-text-stroke-width: 0px; background-color: rgb(255, 255, 255); text-decoration-style: initial; text-decoration-color: initial;\">标准化进程</h3><p style=\"box-sizing: border-box; margin: 0px 0px 10px; color: rgb(53, 53, 53); font-family: &quot;Helvetica Neue&quot;, Helvetica, Tahoma, Arial, &quot;Microsoft Yahei&quot;, &quot;PingFang SC&quot;, &quot;Hiragino Sans GB&quot;, &quot;WenQuanYi Micro Hei&quot;, sans-serif; font-size: 14px; font-style: normal; font-variant-ligatures: normal; font-variant-caps: normal; font-weight: normal; letter-spacing: normal; orphans: 2; text-align: start; text-indent: 0px; text-transform: none; white-space: normal; widows: 2; word-spacing: 0px; -webkit-text-stroke-width: 0px; background-color: rgb(255, 255, 255); text-decoration-style: initial; text-decoration-color: initial;\">2004年6月，Mozilla基金会和Opera软件公司在万维网联盟（W3C）所主办的研讨会上提出了一份联合建议书，这份提案主要针对该技术能向下兼容浏览器的同时，也可以扩展更多新技术[17]，其中Web Forms 2.0初步规范草案被提出，但因W3C已着力于XHTML的发展，故此建议书于8票赞成，14票反对下被否决[18]，这引起部分人的不满，不久后，一些厂商宣布成立网页超文本技术工作小组（WHATWG）组织，以继续推动该规范的开发工作，该组织再度提出Web Applications 1.0规范草案，后来这两种规范逐渐合并成今天的HTML5。2007年，获得W3C接纳，并成立了新的HTML工作团队。</p><h3 style=\"box-sizing: border-box; font-family: &quot;Helvetica Neue&quot;, Helvetica, Tahoma, Arial, &quot;Microsoft Yahei&quot;, &quot;PingFang SC&quot;, &quot;Hiragino Sans GB&quot;, &quot;WenQuanYi Micro Hei&quot;, sans-serif; font-weight: 700; line-height: 1.1; color: rgb(53, 53, 53); margin-top: 20px; margin-bottom: 10px; font-size: 16px; font-style: normal; font-variant-ligatures: normal; font-variant-caps: normal; letter-spacing: normal; orphans: 2; text-align: start; text-indent: 0px; text-transform: none; white-space: normal; widows: 2; word-spacing: 0px; -webkit-text-stroke-width: 0px; background-color: rgb(255, 255, 255); text-decoration-style: initial; text-decoration-color: initial;\">2014计划</h3><p style=\"box-sizing: border-box; margin: 0px 0px 10px; color: rgb(53, 53, 53); font-family: &quot;Helvetica Neue&quot;, Helvetica, Tahoma, Arial, &quot;Microsoft Yahei&quot;, &quot;PingFang SC&quot;, &quot;Hiragino Sans GB&quot;, &quot;WenQuanYi Micro Hei&quot;, sans-serif; font-size: 14px; font-style: normal; font-variant-ligatures: normal; font-variant-caps: normal; font-weight: normal; letter-spacing: normal; orphans: 2; text-align: start; text-indent: 0px; text-transform: none; white-space: normal; widows: 2; word-spacing: 0px; -webkit-text-stroke-width: 0px; background-color: rgb(255, 255, 255); text-decoration-style: initial; text-decoration-color: initial;\">2012年9月，W3C提出计划要在2014年底前发布一个HTML5推荐标准，并在2016年底前发布HTML5.1推荐标准。</p><h4 style=\"box-sizing: border-box; font-family: &quot;Helvetica Neue&quot;, Helvetica, Tahoma, Arial, &quot;Microsoft Yahei&quot;, &quot;PingFang SC&quot;, &quot;Hiragino Sans GB&quot;, &quot;WenQuanYi Micro Hei&quot;, sans-serif; font-weight: 700; line-height: 1.1; color: rgb(53, 53, 53); margin-top: 15px; margin-bottom: 10px; font-size: 14px; font-style: normal; font-variant-ligatures: normal; font-variant-caps: normal; letter-spacing: normal; orphans: 2; text-align: start; text-indent: 0px; text-transform: none; white-space: normal; widows: 2; word-spacing: 0px; -webkit-text-stroke-width: 0px; background-color: rgb(255, 255, 255); text-decoration-style: initial; text-decoration-color: initial;\">核心HTML标准</h4><p style=\"box-sizing: border-box; margin: 0px 0px 10px; color: rgb(53, 53, 53); font-family: &quot;Helvetica Neue&quot;, Helvetica, Tahoma, Arial, &quot;Microsoft Yahei&quot;, &quot;PingFang SC&quot;, &quot;Hiragino Sans GB&quot;, &quot;WenQuanYi Micro Hei&quot;, sans-serif; font-size: 14px; font-style: normal; font-variant-ligatures: normal; font-variant-caps: normal; font-weight: normal; letter-spacing: normal; orphans: 2; text-align: start; text-indent: 0px; text-transform: none; white-space: normal; widows: 2; word-spacing: 0px; -webkit-text-stroke-width: 0px; background-color: rgb(255, 255, 255); text-decoration-style: initial; text-decoration-color: initial;\">HTML5.0，HTML5.1和HTML5.2的合并时间表：</p><table><thead style=\"box-sizing: border-box;\"><tr style=\"box-sizing: border-box;\" class=\"firstRow\"><th style=\"box-sizing: border-box; text-align: left; padding: 8px; line-height: 1.53846; vertical-align: bottom; border: 1px solid rgb(221, 221, 221); background-color: rgb(241, 241, 241);\"><br/></th><th style=\"box-sizing: border-box; text-align: left; padding: 8px; line-height: 1.53846; vertical-align: bottom; border: 1px solid rgb(221, 221, 221); background-color: rgb(241, 241, 241);\">2012</th><th style=\"box-sizing: border-box; text-align: left; padding: 8px; line-height: 1.53846; vertical-align: bottom; border: 1px solid rgb(221, 221, 221); background-color: rgb(241, 241, 241);\">2013</th><th style=\"box-sizing: border-box; text-align: left; padding: 8px; line-height: 1.53846; vertical-align: bottom; border: 1px solid rgb(221, 221, 221); background-color: rgb(241, 241, 241);\">2014</th><th style=\"box-sizing: border-box; text-align: left; padding: 8px; line-height: 1.53846; vertical-align: bottom; border: 1px solid rgb(221, 221, 221); background-color: rgb(241, 241, 241);\">2015</th><th style=\"box-sizing: border-box; text-align: left; padding: 8px; line-height: 1.53846; vertical-align: bottom; border: 1px solid rgb(221, 221, 221); background-color: rgb(241, 241, 241);\">2016</th></tr></thead><tbody style=\"box-sizing: border-box;\"><tr style=\"box-sizing: border-box;\"><td style=\"box-sizing: border-box; padding: 8px; line-height: 1.53846; vertical-align: top; border: 1px solid rgb(221, 221, 221);\">HTML 5.0</td><td style=\"box-sizing: border-box; padding: 8px; line-height: 1.53846; vertical-align: top; border: 1px solid rgb(221, 221, 221);\">候选版</td><td style=\"box-sizing: border-box; padding: 8px; line-height: 1.53846; vertical-align: top; border: 1px solid rgb(221, 221, 221);\">征求评价</td><td style=\"box-sizing: border-box; padding: 8px; line-height: 1.53846; vertical-align: top; border: 1px solid rgb(221, 221, 221);\">推荐标准</td><td style=\"box-sizing: border-box; padding: 8px; line-height: 1.53846; vertical-align: top; border: 1px solid rgb(221, 221, 221);\"><br/></td><td style=\"box-sizing: border-box; padding: 8px; line-height: 1.53846; vertical-align: top; border: 1px solid rgb(221, 221, 221);\"><br/></td></tr><tr style=\"box-sizing: border-box;\"><td style=\"box-sizing: border-box; padding: 8px; line-height: 1.53846; vertical-align: top; border: 1px solid rgb(221, 221, 221);\">HTML 5.1</td><td style=\"box-sizing: border-box; padding: 8px; line-height: 1.53846; vertical-align: top; border: 1px solid rgb(221, 221, 221);\">第一工作草案</td><td style=\"box-sizing: border-box; padding: 8px; line-height: 1.53846; vertical-align: top; border: 1px solid rgb(221, 221, 221);\"><br/></td><td style=\"box-sizing: border-box; padding: 8px; line-height: 1.53846; vertical-align: top; border: 1px solid rgb(221, 221, 221);\">最后召集</td><td style=\"box-sizing: border-box; padding: 8px; line-height: 1.53846; vertical-align: top; border: 1px solid rgb(221, 221, 221);\">候选版</td><td style=\"box-sizing: border-box; padding: 8px; line-height: 1.53846; vertical-align: top; border: 1px solid rgb(221, 221, 221);\">推荐标准</td></tr><tr style=\"box-sizing: border-box;\"><td style=\"box-sizing: border-box; padding: 8px; line-height: 1.53846; vertical-align: top; border: 1px solid rgb(221, 221, 221);\">HTML 5.2</td><td style=\"box-sizing: border-box; padding: 8px; line-height: 1.53846; vertical-align: top; border: 1px solid rgb(221, 221, 221);\"><br/></td><td style=\"box-sizing: border-box; padding: 8px; line-height: 1.53846; vertical-align: top; border: 1px solid rgb(221, 221, 221);\"><br/></td><td style=\"box-sizing: border-box; padding: 8px; line-height: 1.53846; vertical-align: top; border: 1px solid rgb(221, 221, 221);\"><br/></td><td style=\"box-sizing: border-box; padding: 8px; line-height: 1.53846; vertical-align: top; border: 1px solid rgb(221, 221, 221);\">第一工作草案</td><td style=\"box-sizing: border-box; padding: 8px; line-height: 1.53846; vertical-align: top; border: 1px solid rgb(221, 221, 221);\"><br/></td></tr></tbody></table><h2 style=\"box-sizing: border-box; font-family: &quot;Helvetica Neue&quot;, Helvetica, Tahoma, Arial, &quot;Microsoft Yahei&quot;, &quot;PingFang SC&quot;, &quot;Hiragino Sans GB&quot;, &quot;WenQuanYi Micro Hei&quot;, sans-serif; font-weight: 700; line-height: 1.1; color: rgb(53, 53, 53); margin-top: 20px; margin-bottom: 10px; font-size: 18px; font-style: normal; font-variant-ligatures: normal; font-variant-caps: normal; letter-spacing: normal; orphans: 2; text-align: start; text-indent: 0px; text-transform: none; white-space: normal; widows: 2; word-spacing: 0px; -webkit-text-stroke-width: 0px; background-color: rgb(255, 255, 255); text-decoration-style: initial; text-decoration-color: initial;\">新应用程序接口（API）</h2><p style=\"box-sizing: border-box; margin: 0px 0px 10px; color: rgb(53, 53, 53); font-family: &quot;Helvetica Neue&quot;, Helvetica, Tahoma, Arial, &quot;Microsoft Yahei&quot;, &quot;PingFang SC&quot;, &quot;Hiragino Sans GB&quot;, &quot;WenQuanYi Micro Hei&quot;, sans-serif; font-size: 14px; font-style: normal; font-variant-ligatures: normal; font-variant-caps: normal; font-weight: normal; letter-spacing: normal; orphans: 2; text-align: start; text-indent: 0px; text-transform: none; white-space: normal; widows: 2; word-spacing: 0px; -webkit-text-stroke-width: 0px; background-color: rgb(255, 255, 255); text-decoration-style: initial; text-decoration-color: initial;\">除了原先的DOM接口，HTML5增加了更多样化的应用程序接口（API）：</p><ul style=\"box-sizing: border-box; padding-left: 20px; margin-top: 0px; margin-bottom: 10px; color: rgb(53, 53, 53); font-family: &quot;Helvetica Neue&quot;, Helvetica, Tahoma, Arial, &quot;Microsoft Yahei&quot;, &quot;PingFang SC&quot;, &quot;Hiragino Sans GB&quot;, &quot;WenQuanYi Micro Hei&quot;, sans-serif; font-size: 14px; font-style: normal; font-variant-ligatures: normal; font-variant-caps: normal; font-weight: normal; letter-spacing: normal; orphans: 2; text-align: start; text-indent: 0px; text-transform: none; white-space: normal; widows: 2; word-spacing: 0px; -webkit-text-stroke-width: 0px; background-color: rgb(255, 255, 255); text-decoration-style: initial; text-decoration-color: initial;\" class=\" list-paddingleft-2\"><li><p>即时二维绘图</p></li><ul style=\"list-style-type: square;\" class=\" list-paddingleft-2\"><li><p>Canvas API：有关动态产出与渲染图形、图表、图像和动画的API</p></li></ul><li><p>定时媒体播放</p></li><li><p>离线存储数据库（离线网络应用程序）</p></li><li><p>编辑</p></li><li><p>拖放</p></li></ul><p><br/></p>', '0', '1', '2018-05-17 16:23:15.329000', '2018-05-17 20:43:15.406000', '4');
INSERT INTO `app_case` VALUES ('85', '标题1', '121gtt4366', 'pictures/case/2018/05/16/QQ截图20180514132743_fXRcWFf.png', '学生务必在每项内容填写摘要1', '1', '<p style=\"box-sizing: border-box; outline: 0px; padding: 0px; margin: 0px 0px 16px; font-size: 16px; color: rgb(79, 79, 79); font-weight: normal; line-height: 26px; text-align: justify; word-break: break-all; font-family: -apple-system, &quot;SF UI Text&quot;, Arial, &quot;PingFang SC&quot;, &quot;Hiragino Sans GB&quot;, &quot;Microsoft YaHei&quot;, &quot;WenQuanYi Micro Hei&quot;, sans-serif, SimHei, SimSun; font-style: normal; font-variant-ligatures: normal; font-variant-caps: normal; letter-spacing: normal; orphans: 2; text-indent: 0px; text-transform: none; white-space: normal; widows: 2; word-spacing: 0px; -webkit-text-stroke-width: 0px; background-color: rgb(255, 255, 255); text-decoration-style: initial; text-decoration-color: initial;\">xadmin为django后台管理系统admin的升级版，<a href=\"https://github.com/sshwsfc/xadmin\" target=\"_blank\" style=\"box-sizing: border-box; outline: 0px; color: rgb(103, 149, 181); text-decoration: none; cursor: pointer; word-break: break-all;\">点击进入github</a></p><p style=\"box-sizing: border-box; outline: 0px; padding: 0px; margin: 0px 0px 16px; font-size: 16px; color: rgb(79, 79, 79); font-weight: normal; line-height: 26px; text-align: justify; word-break: break-all; font-family: -apple-system, &quot;SF UI Text&quot;, Arial, &quot;PingFang SC&quot;, &quot;Hiragino Sans GB&quot;, &quot;Microsoft YaHei&quot;, &quot;WenQuanYi Micro Hei&quot;, sans-serif, SimHei, SimSun; font-style: normal; font-variant-ligatures: normal; font-variant-caps: normal; letter-spacing: normal; orphans: 2; text-indent: 0px; text-transform: none; white-space: normal; widows: 2; word-spacing: 0px; -webkit-text-stroke-width: 0px; background-color: rgb(255, 255, 255); text-decoration-style: initial; text-decoration-color: initial;\">在对后台进行编辑时，采用百度开源的富文本编辑器ueditor，本文采用djangoueditor，<a href=\"https://github.com/zhangfisher/DjangoUeditor\" target=\"_blank\" style=\"box-sizing: border-box; outline: 0px; color: rgb(103, 149, 181); text-decoration: none; cursor: pointer; word-break: break-all;\">源程序点此进入</a>。由于作者不再对其进行维护，这个版本不再适用于Python3版本，Python3的版本安装<span class=\"Apple-converted-space\">&nbsp;</span><a href=\"https://github.com/twz915/DjangoUeditor3\" target=\"_blank\" style=\"box-sizing: border-box; outline: 0px; color: rgb(103, 149, 181); text-decoration: none; cursor: pointer; word-break: break-all;\">点此进入</a>。</p><p style=\"box-sizing: border-box; outline: 0px; padding: 0px; margin: 0px 0px 16px; font-size: 16px; color: rgb(79, 79, 79); font-weight: normal; line-height: 26px; text-align: justify; word-break: break-all; font-family: -apple-system, &quot;SF UI Text&quot;, Arial, &quot;PingFang SC&quot;, &quot;Hiragino Sans GB&quot;, &quot;Microsoft YaHei&quot;, &quot;WenQuanYi Micro Hei&quot;, sans-serif, SimHei, SimSun; font-style: normal; font-variant-ligatures: normal; font-variant-caps: normal; letter-spacing: normal; orphans: 2; text-indent: 0px; text-transform: none; white-space: normal; widows: 2; word-spacing: 0px; -webkit-text-stroke-width: 0px; background-color: rgb(255, 255, 255); text-decoration-style: initial; text-decoration-color: initial;\">对于以上xadmin和djangoueditor 的安装，本人建议直接集成在pycharm中，而不是装在虚拟环境中。因为xadmin中如果需要集成插件的话，需要对其进行添加；而djangoueditor采用pip安装的话，只能用在Python2版本中。</p><p style=\"box-sizing: border-box; outline: 0px; padding: 0px; margin: 0px 0px 16px; font-size: 16px; color: rgb(79, 79, 79); font-weight: normal; line-height: 26px; text-align: justify; word-break: break-all; font-family: -apple-system, &quot;SF UI Text&quot;, Arial, &quot;PingFang SC&quot;, &quot;Hiragino Sans GB&quot;, &quot;Microsoft YaHei&quot;, &quot;WenQuanYi Micro Hei&quot;, sans-serif, SimHei, SimSun; font-style: normal; font-variant-ligatures: normal; font-variant-caps: normal; letter-spacing: normal; orphans: 2; text-indent: 0px; text-transform: none; white-space: normal; widows: 2; word-spacing: 0px; -webkit-text-stroke-width: 0px; background-color: rgb(255, 255, 255); text-decoration-style: initial; text-decoration-color: initial;\">因此建议将源码包下载下来，并直接放在项目下的extra_apps中，如下所示：</p><p style=\"box-sizing: border-box; outline: 0px; padding: 0px; margin: 0px 0px 16px; font-size: 16px; color: rgb(79, 79, 79); font-weight: normal; line-height: 26px; text-align: justify; word-break: break-all; font-family: -apple-system, &quot;SF UI Text&quot;, Arial, &quot;PingFang SC&quot;, &quot;Hiragino Sans GB&quot;, &quot;Microsoft YaHei&quot;, &quot;WenQuanYi Micro Hei&quot;, sans-serif, SimHei, SimSun; font-style: normal; font-variant-ligatures: normal; font-variant-caps: normal; letter-spacing: normal; orphans: 2; text-indent: 0px; text-transform: none; white-space: normal; widows: 2; word-spacing: 0px; -webkit-text-stroke-width: 0px; background-color: rgb(255, 255, 255); text-decoration-style: initial; text-decoration-color: initial;\"><img src=\"https://img-blog.csdn.net/20180120151950476?watermark/2/text/aHR0cDovL2Jsb2cuY3Nkbi5uZXQvZ2Vlcm5peWE=/font/5a6L5L2T/fontsize/400/fill/I0JBQkFCMA==/dissolve/70/gravity/SouthEast\" alt=\"这里写图片描述\" title=\"\" style=\"box-sizing: border-box; outline: 0px; margin: 24px 0px; max-width: 100%; word-break: break-all; cursor: zoom-in;\"/></p><p><br/></p>', '0', '1', '2018-05-22 11:37:24.875000', '2018-05-22 11:37:24.876000', '1');
INSERT INTO `app_case` VALUES ('86', '标题2', '121gtt4367', 'pictures/case/2018/05/16/QQ截图20180514132821_h1qa4uD.png', '学生务必在每项内容填写摘要2', '1', '<p style=\"box-sizing: border-box; outline: 0px; padding: 0px; margin: 0px 0px 16px; font-size: 16px; color: rgb(79, 79, 79); font-weight: normal; line-height: 26px; text-align: justify; word-break: break-all; font-family: -apple-system, &quot;SF UI Text&quot;, Arial, &quot;PingFang SC&quot;, &quot;Hiragino Sans GB&quot;, &quot;Microsoft YaHei&quot;, &quot;WenQuanYi Micro Hei&quot;, sans-serif, SimHei, SimSun; font-style: normal; font-variant-ligatures: normal; font-variant-caps: normal; letter-spacing: normal; orphans: 2; text-indent: 0px; text-transform: none; white-space: normal; widows: 2; word-spacing: 0px; -webkit-text-stroke-width: 0px; background-color: rgb(255, 255, 255); text-decoration-style: initial; text-decoration-color: initial;\">xadmin为django后台管理系统admin的升级版，<a href=\"https://github.com/sshwsfc/xadmin\" target=\"_blank\" style=\"box-sizing: border-box; outline: 0px; color: rgb(103, 149, 181); text-decoration: none; cursor: pointer; word-break: break-all;\">点击进入github</a></p><p style=\"box-sizing: border-box; outline: 0px; padding: 0px; margin: 0px 0px 16px; font-size: 16px; color: rgb(79, 79, 79); font-weight: normal; line-height: 26px; text-align: justify; word-break: break-all; font-family: -apple-system, &quot;SF UI Text&quot;, Arial, &quot;PingFang SC&quot;, &quot;Hiragino Sans GB&quot;, &quot;Microsoft YaHei&quot;, &quot;WenQuanYi Micro Hei&quot;, sans-serif, SimHei, SimSun; font-style: normal; font-variant-ligatures: normal; font-variant-caps: normal; letter-spacing: normal; orphans: 2; text-indent: 0px; text-transform: none; white-space: normal; widows: 2; word-spacing: 0px; -webkit-text-stroke-width: 0px; background-color: rgb(255, 255, 255); text-decoration-style: initial; text-decoration-color: initial;\">在对后台进行编辑时，采用百度开源的富文本编辑器ueditor，本文采用djangoueditor，<a href=\"https://github.com/zhangfisher/DjangoUeditor\" target=\"_blank\" style=\"box-sizing: border-box; outline: 0px; color: rgb(103, 149, 181); text-decoration: none; cursor: pointer; word-break: break-all;\">源程序点此进入</a>。由于作者不再对其进行维护，这个版本不再适用于Python3版本，Python3的版本安装<span class=\"Apple-converted-space\">&nbsp;</span><a href=\"https://github.com/twz915/DjangoUeditor3\" target=\"_blank\" style=\"box-sizing: border-box; outline: 0px; color: rgb(103, 149, 181); text-decoration: none; cursor: pointer; word-break: break-all;\">点此进入</a>。</p><p style=\"box-sizing: border-box; outline: 0px; padding: 0px; margin: 0px 0px 16px; font-size: 16px; color: rgb(79, 79, 79); font-weight: normal; line-height: 26px; text-align: justify; word-break: break-all; font-family: -apple-system, &quot;SF UI Text&quot;, Arial, &quot;PingFang SC&quot;, &quot;Hiragino Sans GB&quot;, &quot;Microsoft YaHei&quot;, &quot;WenQuanYi Micro Hei&quot;, sans-serif, SimHei, SimSun; font-style: normal; font-variant-ligatures: normal; font-variant-caps: normal; letter-spacing: normal; orphans: 2; text-indent: 0px; text-transform: none; white-space: normal; widows: 2; word-spacing: 0px; -webkit-text-stroke-width: 0px; background-color: rgb(255, 255, 255); text-decoration-style: initial; text-decoration-color: initial;\">对于以上xadmin和djangoueditor 的安装，本人建议直接集成在pycharm中，而不是装在虚拟环境中。因为xadmin中如果需要集成插件的话，需要对其进行添加；而djangoueditor采用pip安装的话，只能用在Python2版本中。</p><p style=\"box-sizing: border-box; outline: 0px; padding: 0px; margin: 0px 0px 16px; font-size: 16px; color: rgb(79, 79, 79); font-weight: normal; line-height: 26px; text-align: justify; word-break: break-all; font-family: -apple-system, &quot;SF UI Text&quot;, Arial, &quot;PingFang SC&quot;, &quot;Hiragino Sans GB&quot;, &quot;Microsoft YaHei&quot;, &quot;WenQuanYi Micro Hei&quot;, sans-serif, SimHei, SimSun; font-style: normal; font-variant-ligatures: normal; font-variant-caps: normal; letter-spacing: normal; orphans: 2; text-indent: 0px; text-transform: none; white-space: normal; widows: 2; word-spacing: 0px; -webkit-text-stroke-width: 0px; background-color: rgb(255, 255, 255); text-decoration-style: initial; text-decoration-color: initial;\">因此建议将源码包下载下来，并直接放在项目下的extra_apps中，如下所示：</p><p style=\"box-sizing: border-box; outline: 0px; padding: 0px; margin: 0px 0px 16px; font-size: 16px; color: rgb(79, 79, 79); font-weight: normal; line-height: 26px; text-align: justify; word-break: break-all; font-family: -apple-system, &quot;SF UI Text&quot;, Arial, &quot;PingFang SC&quot;, &quot;Hiragino Sans GB&quot;, &quot;Microsoft YaHei&quot;, &quot;WenQuanYi Micro Hei&quot;, sans-serif, SimHei, SimSun; font-style: normal; font-variant-ligatures: normal; font-variant-caps: normal; letter-spacing: normal; orphans: 2; text-indent: 0px; text-transform: none; white-space: normal; widows: 2; word-spacing: 0px; -webkit-text-stroke-width: 0px; background-color: rgb(255, 255, 255); text-decoration-style: initial; text-decoration-color: initial;\"><img src=\"https://img-blog.csdn.net/20180120151950476?watermark/2/text/aHR0cDovL2Jsb2cuY3Nkbi5uZXQvZ2Vlcm5peWE=/font/5a6L5L2T/fontsize/400/fill/I0JBQkFCMA==/dissolve/70/gravity/SouthEast\" alt=\"这里写图片描述\" title=\"\" style=\"box-sizing: border-box; outline: 0px; margin: 24px 0px; max-width: 100%; word-break: break-all; cursor: zoom-in;\"/></p><p><br/></p>', '0', '1', '2018-05-22 11:37:24.879000', '2018-05-22 11:37:24.880000', '3');
INSERT INTO `app_case` VALUES ('87', '标题3', '121gtt4368', 'pictures/case/2018/05/16/QQ截图20180514132743_fXRcWFf.png', '学生务必在每项内容填写摘要3', '0', '<p style=\"box-sizing: border-box; outline: 0px; padding: 0px; margin: 0px 0px 16px; font-size: 16px; color: rgb(79, 79, 79); font-weight: normal; line-height: 26px; text-align: justify; word-break: break-all; font-family: -apple-system, &quot;SF UI Text&quot;, Arial, &quot;PingFang SC&quot;, &quot;Hiragino Sans GB&quot;, &quot;Microsoft YaHei&quot;, &quot;WenQuanYi Micro Hei&quot;, sans-serif, SimHei, SimSun; font-style: normal; font-variant-ligatures: normal; font-variant-caps: normal; letter-spacing: normal; orphans: 2; text-indent: 0px; text-transform: none; white-space: normal; widows: 2; word-spacing: 0px; -webkit-text-stroke-width: 0px; background-color: rgb(255, 255, 255); text-decoration-style: initial; text-decoration-color: initial;\">xadmin为django后台管理系统admin的升级版，<a href=\"https://github.com/sshwsfc/xadmin\" target=\"_blank\" style=\"box-sizing: border-box; outline: 0px; color: rgb(103, 149, 181); text-decoration: none; cursor: pointer; word-break: break-all;\">点击进入github</a></p><p style=\"box-sizing: border-box; outline: 0px; padding: 0px; margin: 0px 0px 16px; font-size: 16px; color: rgb(79, 79, 79); font-weight: normal; line-height: 26px; text-align: justify; word-break: break-all; font-family: -apple-system, &quot;SF UI Text&quot;, Arial, &quot;PingFang SC&quot;, &quot;Hiragino Sans GB&quot;, &quot;Microsoft YaHei&quot;, &quot;WenQuanYi Micro Hei&quot;, sans-serif, SimHei, SimSun; font-style: normal; font-variant-ligatures: normal; font-variant-caps: normal; letter-spacing: normal; orphans: 2; text-indent: 0px; text-transform: none; white-space: normal; widows: 2; word-spacing: 0px; -webkit-text-stroke-width: 0px; background-color: rgb(255, 255, 255); text-decoration-style: initial; text-decoration-color: initial;\">在对后台进行编辑时，采用百度开源的富文本编辑器ueditor，本文采用djangoueditor，<a href=\"https://github.com/zhangfisher/DjangoUeditor\" target=\"_blank\" style=\"box-sizing: border-box; outline: 0px; color: rgb(103, 149, 181); text-decoration: none; cursor: pointer; word-break: break-all;\">源程序点此进入</a>。由于作者不再对其进行维护，这个版本不再适用于Python3版本，Python3的版本安装<span class=\"Apple-converted-space\">&nbsp;</span><a href=\"https://github.com/twz915/DjangoUeditor3\" target=\"_blank\" style=\"box-sizing: border-box; outline: 0px; color: rgb(103, 149, 181); text-decoration: none; cursor: pointer; word-break: break-all;\">点此进入</a>。</p><p style=\"box-sizing: border-box; outline: 0px; padding: 0px; margin: 0px 0px 16px; font-size: 16px; color: rgb(79, 79, 79); font-weight: normal; line-height: 26px; text-align: justify; word-break: break-all; font-family: -apple-system, &quot;SF UI Text&quot;, Arial, &quot;PingFang SC&quot;, &quot;Hiragino Sans GB&quot;, &quot;Microsoft YaHei&quot;, &quot;WenQuanYi Micro Hei&quot;, sans-serif, SimHei, SimSun; font-style: normal; font-variant-ligatures: normal; font-variant-caps: normal; letter-spacing: normal; orphans: 2; text-indent: 0px; text-transform: none; white-space: normal; widows: 2; word-spacing: 0px; -webkit-text-stroke-width: 0px; background-color: rgb(255, 255, 255); text-decoration-style: initial; text-decoration-color: initial;\">对于以上xadmin和djangoueditor 的安装，本人建议直接集成在pycharm中，而不是装在虚拟环境中。因为xadmin中如果需要集成插件的话，需要对其进行添加；而djangoueditor采用pip安装的话，只能用在Python2版本中。</p><p style=\"box-sizing: border-box; outline: 0px; padding: 0px; margin: 0px 0px 16px; font-size: 16px; color: rgb(79, 79, 79); font-weight: normal; line-height: 26px; text-align: justify; word-break: break-all; font-family: -apple-system, &quot;SF UI Text&quot;, Arial, &quot;PingFang SC&quot;, &quot;Hiragino Sans GB&quot;, &quot;Microsoft YaHei&quot;, &quot;WenQuanYi Micro Hei&quot;, sans-serif, SimHei, SimSun; font-style: normal; font-variant-ligatures: normal; font-variant-caps: normal; letter-spacing: normal; orphans: 2; text-indent: 0px; text-transform: none; white-space: normal; widows: 2; word-spacing: 0px; -webkit-text-stroke-width: 0px; background-color: rgb(255, 255, 255); text-decoration-style: initial; text-decoration-color: initial;\">因此建议将源码包下载下来，并直接放在项目下的extra_apps中，如下所示：</p><p style=\"box-sizing: border-box; outline: 0px; padding: 0px; margin: 0px 0px 16px; font-size: 16px; color: rgb(79, 79, 79); font-weight: normal; line-height: 26px; text-align: justify; word-break: break-all; font-family: -apple-system, &quot;SF UI Text&quot;, Arial, &quot;PingFang SC&quot;, &quot;Hiragino Sans GB&quot;, &quot;Microsoft YaHei&quot;, &quot;WenQuanYi Micro Hei&quot;, sans-serif, SimHei, SimSun; font-style: normal; font-variant-ligatures: normal; font-variant-caps: normal; letter-spacing: normal; orphans: 2; text-indent: 0px; text-transform: none; white-space: normal; widows: 2; word-spacing: 0px; -webkit-text-stroke-width: 0px; background-color: rgb(255, 255, 255); text-decoration-style: initial; text-decoration-color: initial;\"><img src=\"https://img-blog.csdn.net/20180120151950476?watermark/2/text/aHR0cDovL2Jsb2cuY3Nkbi5uZXQvZ2Vlcm5peWE=/font/5a6L5L2T/fontsize/400/fill/I0JBQkFCMA==/dissolve/70/gravity/SouthEast\" alt=\"这里写图片描述\" title=\"\" style=\"box-sizing: border-box; outline: 0px; margin: 24px 0px; max-width: 100%; word-break: break-all; cursor: zoom-in;\"/></p><p><br/></p>', '0', '1', '2018-05-22 11:37:24.883000', '2018-05-22 11:37:24.884000', '4');
INSERT INTO `app_case` VALUES ('88', '标题4', '121gtt4369', 'pictures/case/2018/05/16/QQ截图20180514132821_h1qa4uD.png', '学生务必在每项内容填写摘要4', '0', '<p style=\"box-sizing: border-box; outline: 0px; padding: 0px; margin: 0px 0px 16px; font-size: 16px; color: rgb(79, 79, 79); font-weight: normal; line-height: 26px; text-align: justify; word-break: break-all; font-family: -apple-system, &quot;SF UI Text&quot;, Arial, &quot;PingFang SC&quot;, &quot;Hiragino Sans GB&quot;, &quot;Microsoft YaHei&quot;, &quot;WenQuanYi Micro Hei&quot;, sans-serif, SimHei, SimSun; font-style: normal; font-variant-ligatures: normal; font-variant-caps: normal; letter-spacing: normal; orphans: 2; text-indent: 0px; text-transform: none; white-space: normal; widows: 2; word-spacing: 0px; -webkit-text-stroke-width: 0px; background-color: rgb(255, 255, 255); text-decoration-style: initial; text-decoration-color: initial;\">xadmin为django后台管理系统admin的升级版，<a href=\"https://github.com/sshwsfc/xadmin\" target=\"_blank\" style=\"box-sizing: border-box; outline: 0px; color: rgb(103, 149, 181); text-decoration: none; cursor: pointer; word-break: break-all;\">点击进入github</a></p><p style=\"box-sizing: border-box; outline: 0px; padding: 0px; margin: 0px 0px 16px; font-size: 16px; color: rgb(79, 79, 79); font-weight: normal; line-height: 26px; text-align: justify; word-break: break-all; font-family: -apple-system, &quot;SF UI Text&quot;, Arial, &quot;PingFang SC&quot;, &quot;Hiragino Sans GB&quot;, &quot;Microsoft YaHei&quot;, &quot;WenQuanYi Micro Hei&quot;, sans-serif, SimHei, SimSun; font-style: normal; font-variant-ligatures: normal; font-variant-caps: normal; letter-spacing: normal; orphans: 2; text-indent: 0px; text-transform: none; white-space: normal; widows: 2; word-spacing: 0px; -webkit-text-stroke-width: 0px; background-color: rgb(255, 255, 255); text-decoration-style: initial; text-decoration-color: initial;\">在对后台进行编辑时，采用百度开源的富文本编辑器ueditor，本文采用djangoueditor，<a href=\"https://github.com/zhangfisher/DjangoUeditor\" target=\"_blank\" style=\"box-sizing: border-box; outline: 0px; color: rgb(103, 149, 181); text-decoration: none; cursor: pointer; word-break: break-all;\">源程序点此进入</a>。由于作者不再对其进行维护，这个版本不再适用于Python3版本，Python3的版本安装<span class=\"Apple-converted-space\">&nbsp;</span><a href=\"https://github.com/twz915/DjangoUeditor3\" target=\"_blank\" style=\"box-sizing: border-box; outline: 0px; color: rgb(103, 149, 181); text-decoration: none; cursor: pointer; word-break: break-all;\">点此进入</a>。</p><p style=\"box-sizing: border-box; outline: 0px; padding: 0px; margin: 0px 0px 16px; font-size: 16px; color: rgb(79, 79, 79); font-weight: normal; line-height: 26px; text-align: justify; word-break: break-all; font-family: -apple-system, &quot;SF UI Text&quot;, Arial, &quot;PingFang SC&quot;, &quot;Hiragino Sans GB&quot;, &quot;Microsoft YaHei&quot;, &quot;WenQuanYi Micro Hei&quot;, sans-serif, SimHei, SimSun; font-style: normal; font-variant-ligatures: normal; font-variant-caps: normal; letter-spacing: normal; orphans: 2; text-indent: 0px; text-transform: none; white-space: normal; widows: 2; word-spacing: 0px; -webkit-text-stroke-width: 0px; background-color: rgb(255, 255, 255); text-decoration-style: initial; text-decoration-color: initial;\">对于以上xadmin和djangoueditor 的安装，本人建议直接集成在pycharm中，而不是装在虚拟环境中。因为xadmin中如果需要集成插件的话，需要对其进行添加；而djangoueditor采用pip安装的话，只能用在Python2版本中。</p><p style=\"box-sizing: border-box; outline: 0px; padding: 0px; margin: 0px 0px 16px; font-size: 16px; color: rgb(79, 79, 79); font-weight: normal; line-height: 26px; text-align: justify; word-break: break-all; font-family: -apple-system, &quot;SF UI Text&quot;, Arial, &quot;PingFang SC&quot;, &quot;Hiragino Sans GB&quot;, &quot;Microsoft YaHei&quot;, &quot;WenQuanYi Micro Hei&quot;, sans-serif, SimHei, SimSun; font-style: normal; font-variant-ligatures: normal; font-variant-caps: normal; letter-spacing: normal; orphans: 2; text-indent: 0px; text-transform: none; white-space: normal; widows: 2; word-spacing: 0px; -webkit-text-stroke-width: 0px; background-color: rgb(255, 255, 255); text-decoration-style: initial; text-decoration-color: initial;\">因此建议将源码包下载下来，并直接放在项目下的extra_apps中，如下所示：</p><p style=\"box-sizing: border-box; outline: 0px; padding: 0px; margin: 0px 0px 16px; font-size: 16px; color: rgb(79, 79, 79); font-weight: normal; line-height: 26px; text-align: justify; word-break: break-all; font-family: -apple-system, &quot;SF UI Text&quot;, Arial, &quot;PingFang SC&quot;, &quot;Hiragino Sans GB&quot;, &quot;Microsoft YaHei&quot;, &quot;WenQuanYi Micro Hei&quot;, sans-serif, SimHei, SimSun; font-style: normal; font-variant-ligatures: normal; font-variant-caps: normal; letter-spacing: normal; orphans: 2; text-indent: 0px; text-transform: none; white-space: normal; widows: 2; word-spacing: 0px; -webkit-text-stroke-width: 0px; background-color: rgb(255, 255, 255); text-decoration-style: initial; text-decoration-color: initial;\"><img src=\"https://img-blog.csdn.net/20180120151950476?watermark/2/text/aHR0cDovL2Jsb2cuY3Nkbi5uZXQvZ2Vlcm5peWE=/font/5a6L5L2T/fontsize/400/fill/I0JBQkFCMA==/dissolve/70/gravity/SouthEast\" alt=\"这里写图片描述\" title=\"\" style=\"box-sizing: border-box; outline: 0px; margin: 24px 0px; max-width: 100%; word-break: break-all; cursor: zoom-in;\"/></p><p><br/></p>', '0', '1', '2018-05-22 11:37:24.885000', '2018-05-22 11:37:24.887000', '2');
INSERT INTO `app_case` VALUES ('89', '标题5', '121gtt4370', 'pictures/case/2018/05/16/QQ截图20180514132743_fXRcWFf.png', '学生务必在每项内容填写摘要5', '0', '<p style=\"box-sizing: border-box; outline: 0px; padding: 0px; margin: 0px 0px 16px; font-size: 16px; color: rgb(79, 79, 79); font-weight: normal; line-height: 26px; text-align: justify; word-break: break-all; font-family: -apple-system, &quot;SF UI Text&quot;, Arial, &quot;PingFang SC&quot;, &quot;Hiragino Sans GB&quot;, &quot;Microsoft YaHei&quot;, &quot;WenQuanYi Micro Hei&quot;, sans-serif, SimHei, SimSun; font-style: normal; font-variant-ligatures: normal; font-variant-caps: normal; letter-spacing: normal; orphans: 2; text-indent: 0px; text-transform: none; white-space: normal; widows: 2; word-spacing: 0px; -webkit-text-stroke-width: 0px; background-color: rgb(255, 255, 255); text-decoration-style: initial; text-decoration-color: initial;\">xadmin为django后台管理系统admin的升级版，<a href=\"https://github.com/sshwsfc/xadmin\" target=\"_blank\" style=\"box-sizing: border-box; outline: 0px; color: rgb(103, 149, 181); text-decoration: none; cursor: pointer; word-break: break-all;\">点击进入github</a></p><p style=\"box-sizing: border-box; outline: 0px; padding: 0px; margin: 0px 0px 16px; font-size: 16px; color: rgb(79, 79, 79); font-weight: normal; line-height: 26px; text-align: justify; word-break: break-all; font-family: -apple-system, &quot;SF UI Text&quot;, Arial, &quot;PingFang SC&quot;, &quot;Hiragino Sans GB&quot;, &quot;Microsoft YaHei&quot;, &quot;WenQuanYi Micro Hei&quot;, sans-serif, SimHei, SimSun; font-style: normal; font-variant-ligatures: normal; font-variant-caps: normal; letter-spacing: normal; orphans: 2; text-indent: 0px; text-transform: none; white-space: normal; widows: 2; word-spacing: 0px; -webkit-text-stroke-width: 0px; background-color: rgb(255, 255, 255); text-decoration-style: initial; text-decoration-color: initial;\">在对后台进行编辑时，采用百度开源的富文本编辑器ueditor，本文采用djangoueditor，<a href=\"https://github.com/zhangfisher/DjangoUeditor\" target=\"_blank\" style=\"box-sizing: border-box; outline: 0px; color: rgb(103, 149, 181); text-decoration: none; cursor: pointer; word-break: break-all;\">源程序点此进入</a>。由于作者不再对其进行维护，这个版本不再适用于Python3版本，Python3的版本安装<span class=\"Apple-converted-space\">&nbsp;</span><a href=\"https://github.com/twz915/DjangoUeditor3\" target=\"_blank\" style=\"box-sizing: border-box; outline: 0px; color: rgb(103, 149, 181); text-decoration: none; cursor: pointer; word-break: break-all;\">点此进入</a>。</p><p style=\"box-sizing: border-box; outline: 0px; padding: 0px; margin: 0px 0px 16px; font-size: 16px; color: rgb(79, 79, 79); font-weight: normal; line-height: 26px; text-align: justify; word-break: break-all; font-family: -apple-system, &quot;SF UI Text&quot;, Arial, &quot;PingFang SC&quot;, &quot;Hiragino Sans GB&quot;, &quot;Microsoft YaHei&quot;, &quot;WenQuanYi Micro Hei&quot;, sans-serif, SimHei, SimSun; font-style: normal; font-variant-ligatures: normal; font-variant-caps: normal; letter-spacing: normal; orphans: 2; text-indent: 0px; text-transform: none; white-space: normal; widows: 2; word-spacing: 0px; -webkit-text-stroke-width: 0px; background-color: rgb(255, 255, 255); text-decoration-style: initial; text-decoration-color: initial;\">对于以上xadmin和djangoueditor 的安装，本人建议直接集成在pycharm中，而不是装在虚拟环境中。因为xadmin中如果需要集成插件的话，需要对其进行添加；而djangoueditor采用pip安装的话，只能用在Python2版本中。</p><p style=\"box-sizing: border-box; outline: 0px; padding: 0px; margin: 0px 0px 16px; font-size: 16px; color: rgb(79, 79, 79); font-weight: normal; line-height: 26px; text-align: justify; word-break: break-all; font-family: -apple-system, &quot;SF UI Text&quot;, Arial, &quot;PingFang SC&quot;, &quot;Hiragino Sans GB&quot;, &quot;Microsoft YaHei&quot;, &quot;WenQuanYi Micro Hei&quot;, sans-serif, SimHei, SimSun; font-style: normal; font-variant-ligatures: normal; font-variant-caps: normal; letter-spacing: normal; orphans: 2; text-indent: 0px; text-transform: none; white-space: normal; widows: 2; word-spacing: 0px; -webkit-text-stroke-width: 0px; background-color: rgb(255, 255, 255); text-decoration-style: initial; text-decoration-color: initial;\">因此建议将源码包下载下来，并直接放在项目下的extra_apps中，如下所示：</p><p style=\"box-sizing: border-box; outline: 0px; padding: 0px; margin: 0px 0px 16px; font-size: 16px; color: rgb(79, 79, 79); font-weight: normal; line-height: 26px; text-align: justify; word-break: break-all; font-family: -apple-system, &quot;SF UI Text&quot;, Arial, &quot;PingFang SC&quot;, &quot;Hiragino Sans GB&quot;, &quot;Microsoft YaHei&quot;, &quot;WenQuanYi Micro Hei&quot;, sans-serif, SimHei, SimSun; font-style: normal; font-variant-ligatures: normal; font-variant-caps: normal; letter-spacing: normal; orphans: 2; text-indent: 0px; text-transform: none; white-space: normal; widows: 2; word-spacing: 0px; -webkit-text-stroke-width: 0px; background-color: rgb(255, 255, 255); text-decoration-style: initial; text-decoration-color: initial;\"><img src=\"https://img-blog.csdn.net/20180120151950476?watermark/2/text/aHR0cDovL2Jsb2cuY3Nkbi5uZXQvZ2Vlcm5peWE=/font/5a6L5L2T/fontsize/400/fill/I0JBQkFCMA==/dissolve/70/gravity/SouthEast\" alt=\"这里写图片描述\" title=\"\" style=\"box-sizing: border-box; outline: 0px; margin: 24px 0px; max-width: 100%; word-break: break-all; cursor: zoom-in;\"/></p><p><br/></p>', '0', '1', '2018-05-22 11:37:24.888000', '2018-05-22 11:37:24.890000', '1');
INSERT INTO `app_case` VALUES ('90', '标题6', '121gtt4371', 'pictures/case/2018/05/16/QQ截图20180514132821_h1qa4uD.png', '学生务必在每项内容填写摘要6', '0', '<p style=\"box-sizing: border-box; outline: 0px; padding: 0px; margin: 0px 0px 16px; font-size: 16px; color: rgb(79, 79, 79); font-weight: normal; line-height: 26px; text-align: justify; word-break: break-all; font-family: -apple-system, &quot;SF UI Text&quot;, Arial, &quot;PingFang SC&quot;, &quot;Hiragino Sans GB&quot;, &quot;Microsoft YaHei&quot;, &quot;WenQuanYi Micro Hei&quot;, sans-serif, SimHei, SimSun; font-style: normal; font-variant-ligatures: normal; font-variant-caps: normal; letter-spacing: normal; orphans: 2; text-indent: 0px; text-transform: none; white-space: normal; widows: 2; word-spacing: 0px; -webkit-text-stroke-width: 0px; background-color: rgb(255, 255, 255); text-decoration-style: initial; text-decoration-color: initial;\">xadmin为django后台管理系统admin的升级版，<a href=\"https://github.com/sshwsfc/xadmin\" target=\"_blank\" style=\"box-sizing: border-box; outline: 0px; color: rgb(103, 149, 181); text-decoration: none; cursor: pointer; word-break: break-all;\">点击进入github</a></p><p style=\"box-sizing: border-box; outline: 0px; padding: 0px; margin: 0px 0px 16px; font-size: 16px; color: rgb(79, 79, 79); font-weight: normal; line-height: 26px; text-align: justify; word-break: break-all; font-family: -apple-system, &quot;SF UI Text&quot;, Arial, &quot;PingFang SC&quot;, &quot;Hiragino Sans GB&quot;, &quot;Microsoft YaHei&quot;, &quot;WenQuanYi Micro Hei&quot;, sans-serif, SimHei, SimSun; font-style: normal; font-variant-ligatures: normal; font-variant-caps: normal; letter-spacing: normal; orphans: 2; text-indent: 0px; text-transform: none; white-space: normal; widows: 2; word-spacing: 0px; -webkit-text-stroke-width: 0px; background-color: rgb(255, 255, 255); text-decoration-style: initial; text-decoration-color: initial;\">在对后台进行编辑时，采用百度开源的富文本编辑器ueditor，本文采用djangoueditor，<a href=\"https://github.com/zhangfisher/DjangoUeditor\" target=\"_blank\" style=\"box-sizing: border-box; outline: 0px; color: rgb(103, 149, 181); text-decoration: none; cursor: pointer; word-break: break-all;\">源程序点此进入</a>。由于作者不再对其进行维护，这个版本不再适用于Python3版本，Python3的版本安装<span class=\"Apple-converted-space\">&nbsp;</span><a href=\"https://github.com/twz915/DjangoUeditor3\" target=\"_blank\" style=\"box-sizing: border-box; outline: 0px; color: rgb(103, 149, 181); text-decoration: none; cursor: pointer; word-break: break-all;\">点此进入</a>。</p><p style=\"box-sizing: border-box; outline: 0px; padding: 0px; margin: 0px 0px 16px; font-size: 16px; color: rgb(79, 79, 79); font-weight: normal; line-height: 26px; text-align: justify; word-break: break-all; font-family: -apple-system, &quot;SF UI Text&quot;, Arial, &quot;PingFang SC&quot;, &quot;Hiragino Sans GB&quot;, &quot;Microsoft YaHei&quot;, &quot;WenQuanYi Micro Hei&quot;, sans-serif, SimHei, SimSun; font-style: normal; font-variant-ligatures: normal; font-variant-caps: normal; letter-spacing: normal; orphans: 2; text-indent: 0px; text-transform: none; white-space: normal; widows: 2; word-spacing: 0px; -webkit-text-stroke-width: 0px; background-color: rgb(255, 255, 255); text-decoration-style: initial; text-decoration-color: initial;\">对于以上xadmin和djangoueditor 的安装，本人建议直接集成在pycharm中，而不是装在虚拟环境中。因为xadmin中如果需要集成插件的话，需要对其进行添加；而djangoueditor采用pip安装的话，只能用在Python2版本中。</p><p style=\"box-sizing: border-box; outline: 0px; padding: 0px; margin: 0px 0px 16px; font-size: 16px; color: rgb(79, 79, 79); font-weight: normal; line-height: 26px; text-align: justify; word-break: break-all; font-family: -apple-system, &quot;SF UI Text&quot;, Arial, &quot;PingFang SC&quot;, &quot;Hiragino Sans GB&quot;, &quot;Microsoft YaHei&quot;, &quot;WenQuanYi Micro Hei&quot;, sans-serif, SimHei, SimSun; font-style: normal; font-variant-ligatures: normal; font-variant-caps: normal; letter-spacing: normal; orphans: 2; text-indent: 0px; text-transform: none; white-space: normal; widows: 2; word-spacing: 0px; -webkit-text-stroke-width: 0px; background-color: rgb(255, 255, 255); text-decoration-style: initial; text-decoration-color: initial;\">因此建议将源码包下载下来，并直接放在项目下的extra_apps中，如下所示：</p><p style=\"box-sizing: border-box; outline: 0px; padding: 0px; margin: 0px 0px 16px; font-size: 16px; color: rgb(79, 79, 79); font-weight: normal; line-height: 26px; text-align: justify; word-break: break-all; font-family: -apple-system, &quot;SF UI Text&quot;, Arial, &quot;PingFang SC&quot;, &quot;Hiragino Sans GB&quot;, &quot;Microsoft YaHei&quot;, &quot;WenQuanYi Micro Hei&quot;, sans-serif, SimHei, SimSun; font-style: normal; font-variant-ligatures: normal; font-variant-caps: normal; letter-spacing: normal; orphans: 2; text-indent: 0px; text-transform: none; white-space: normal; widows: 2; word-spacing: 0px; -webkit-text-stroke-width: 0px; background-color: rgb(255, 255, 255); text-decoration-style: initial; text-decoration-color: initial;\"><img src=\"https://img-blog.csdn.net/20180120151950476?watermark/2/text/aHR0cDovL2Jsb2cuY3Nkbi5uZXQvZ2Vlcm5peWE=/font/5a6L5L2T/fontsize/400/fill/I0JBQkFCMA==/dissolve/70/gravity/SouthEast\" alt=\"这里写图片描述\" title=\"\" style=\"box-sizing: border-box; outline: 0px; margin: 24px 0px; max-width: 100%; word-break: break-all; cursor: zoom-in;\"/></p><p><br/></p>', '0', '1', '2018-05-22 11:37:24.891000', '2018-05-22 11:37:24.892000', '3');
INSERT INTO `app_case` VALUES ('91', '标题7', '121gtt4372', 'pictures/case/2018/05/16/QQ截图20180514132743_fXRcWFf.png', '学生务必在每项内容填写摘要7', '0', '<p style=\"box-sizing: border-box; outline: 0px; padding: 0px; margin: 0px 0px 16px; font-size: 16px; color: rgb(79, 79, 79); font-weight: normal; line-height: 26px; text-align: justify; word-break: break-all; font-family: -apple-system, &quot;SF UI Text&quot;, Arial, &quot;PingFang SC&quot;, &quot;Hiragino Sans GB&quot;, &quot;Microsoft YaHei&quot;, &quot;WenQuanYi Micro Hei&quot;, sans-serif, SimHei, SimSun; font-style: normal; font-variant-ligatures: normal; font-variant-caps: normal; letter-spacing: normal; orphans: 2; text-indent: 0px; text-transform: none; white-space: normal; widows: 2; word-spacing: 0px; -webkit-text-stroke-width: 0px; background-color: rgb(255, 255, 255); text-decoration-style: initial; text-decoration-color: initial;\">xadmin为django后台管理系统admin的升级版，<a href=\"https://github.com/sshwsfc/xadmin\" target=\"_blank\" style=\"box-sizing: border-box; outline: 0px; color: rgb(103, 149, 181); text-decoration: none; cursor: pointer; word-break: break-all;\">点击进入github</a></p><p style=\"box-sizing: border-box; outline: 0px; padding: 0px; margin: 0px 0px 16px; font-size: 16px; color: rgb(79, 79, 79); font-weight: normal; line-height: 26px; text-align: justify; word-break: break-all; font-family: -apple-system, &quot;SF UI Text&quot;, Arial, &quot;PingFang SC&quot;, &quot;Hiragino Sans GB&quot;, &quot;Microsoft YaHei&quot;, &quot;WenQuanYi Micro Hei&quot;, sans-serif, SimHei, SimSun; font-style: normal; font-variant-ligatures: normal; font-variant-caps: normal; letter-spacing: normal; orphans: 2; text-indent: 0px; text-transform: none; white-space: normal; widows: 2; word-spacing: 0px; -webkit-text-stroke-width: 0px; background-color: rgb(255, 255, 255); text-decoration-style: initial; text-decoration-color: initial;\">在对后台进行编辑时，采用百度开源的富文本编辑器ueditor，本文采用djangoueditor，<a href=\"https://github.com/zhangfisher/DjangoUeditor\" target=\"_blank\" style=\"box-sizing: border-box; outline: 0px; color: rgb(103, 149, 181); text-decoration: none; cursor: pointer; word-break: break-all;\">源程序点此进入</a>。由于作者不再对其进行维护，这个版本不再适用于Python3版本，Python3的版本安装<span class=\"Apple-converted-space\">&nbsp;</span><a href=\"https://github.com/twz915/DjangoUeditor3\" target=\"_blank\" style=\"box-sizing: border-box; outline: 0px; color: rgb(103, 149, 181); text-decoration: none; cursor: pointer; word-break: break-all;\">点此进入</a>。</p><p style=\"box-sizing: border-box; outline: 0px; padding: 0px; margin: 0px 0px 16px; font-size: 16px; color: rgb(79, 79, 79); font-weight: normal; line-height: 26px; text-align: justify; word-break: break-all; font-family: -apple-system, &quot;SF UI Text&quot;, Arial, &quot;PingFang SC&quot;, &quot;Hiragino Sans GB&quot;, &quot;Microsoft YaHei&quot;, &quot;WenQuanYi Micro Hei&quot;, sans-serif, SimHei, SimSun; font-style: normal; font-variant-ligatures: normal; font-variant-caps: normal; letter-spacing: normal; orphans: 2; text-indent: 0px; text-transform: none; white-space: normal; widows: 2; word-spacing: 0px; -webkit-text-stroke-width: 0px; background-color: rgb(255, 255, 255); text-decoration-style: initial; text-decoration-color: initial;\">对于以上xadmin和djangoueditor 的安装，本人建议直接集成在pycharm中，而不是装在虚拟环境中。因为xadmin中如果需要集成插件的话，需要对其进行添加；而djangoueditor采用pip安装的话，只能用在Python2版本中。</p><p style=\"box-sizing: border-box; outline: 0px; padding: 0px; margin: 0px 0px 16px; font-size: 16px; color: rgb(79, 79, 79); font-weight: normal; line-height: 26px; text-align: justify; word-break: break-all; font-family: -apple-system, &quot;SF UI Text&quot;, Arial, &quot;PingFang SC&quot;, &quot;Hiragino Sans GB&quot;, &quot;Microsoft YaHei&quot;, &quot;WenQuanYi Micro Hei&quot;, sans-serif, SimHei, SimSun; font-style: normal; font-variant-ligatures: normal; font-variant-caps: normal; letter-spacing: normal; orphans: 2; text-indent: 0px; text-transform: none; white-space: normal; widows: 2; word-spacing: 0px; -webkit-text-stroke-width: 0px; background-color: rgb(255, 255, 255); text-decoration-style: initial; text-decoration-color: initial;\">因此建议将源码包下载下来，并直接放在项目下的extra_apps中，如下所示：</p><p style=\"box-sizing: border-box; outline: 0px; padding: 0px; margin: 0px 0px 16px; font-size: 16px; color: rgb(79, 79, 79); font-weight: normal; line-height: 26px; text-align: justify; word-break: break-all; font-family: -apple-system, &quot;SF UI Text&quot;, Arial, &quot;PingFang SC&quot;, &quot;Hiragino Sans GB&quot;, &quot;Microsoft YaHei&quot;, &quot;WenQuanYi Micro Hei&quot;, sans-serif, SimHei, SimSun; font-style: normal; font-variant-ligatures: normal; font-variant-caps: normal; letter-spacing: normal; orphans: 2; text-indent: 0px; text-transform: none; white-space: normal; widows: 2; word-spacing: 0px; -webkit-text-stroke-width: 0px; background-color: rgb(255, 255, 255); text-decoration-style: initial; text-decoration-color: initial;\"><img src=\"https://img-blog.csdn.net/20180120151950476?watermark/2/text/aHR0cDovL2Jsb2cuY3Nkbi5uZXQvZ2Vlcm5peWE=/font/5a6L5L2T/fontsize/400/fill/I0JBQkFCMA==/dissolve/70/gravity/SouthEast\" alt=\"这里写图片描述\" title=\"\" style=\"box-sizing: border-box; outline: 0px; margin: 24px 0px; max-width: 100%; word-break: break-all; cursor: zoom-in;\"/></p><p><br/></p>', '0', '1', '2018-05-22 11:37:24.893000', '2018-05-22 11:37:24.894000', '4');
INSERT INTO `app_case` VALUES ('92', '标题8', '121gtt4373', 'pictures/case/2018/05/16/QQ截图20180514132821_h1qa4uD.png', '学生务必在每项内容填写摘要8', '0', '<p style=\"box-sizing: border-box; outline: 0px; padding: 0px; margin: 0px 0px 16px; font-size: 16px; color: rgb(79, 79, 79); font-weight: normal; line-height: 26px; text-align: justify; word-break: break-all; font-family: -apple-system, &quot;SF UI Text&quot;, Arial, &quot;PingFang SC&quot;, &quot;Hiragino Sans GB&quot;, &quot;Microsoft YaHei&quot;, &quot;WenQuanYi Micro Hei&quot;, sans-serif, SimHei, SimSun; font-style: normal; font-variant-ligatures: normal; font-variant-caps: normal; letter-spacing: normal; orphans: 2; text-indent: 0px; text-transform: none; white-space: normal; widows: 2; word-spacing: 0px; -webkit-text-stroke-width: 0px; background-color: rgb(255, 255, 255); text-decoration-style: initial; text-decoration-color: initial;\">xadmin为django后台管理系统admin的升级版，<a href=\"https://github.com/sshwsfc/xadmin\" target=\"_blank\" style=\"box-sizing: border-box; outline: 0px; color: rgb(103, 149, 181); text-decoration: none; cursor: pointer; word-break: break-all;\">点击进入github</a></p><p style=\"box-sizing: border-box; outline: 0px; padding: 0px; margin: 0px 0px 16px; font-size: 16px; color: rgb(79, 79, 79); font-weight: normal; line-height: 26px; text-align: justify; word-break: break-all; font-family: -apple-system, &quot;SF UI Text&quot;, Arial, &quot;PingFang SC&quot;, &quot;Hiragino Sans GB&quot;, &quot;Microsoft YaHei&quot;, &quot;WenQuanYi Micro Hei&quot;, sans-serif, SimHei, SimSun; font-style: normal; font-variant-ligatures: normal; font-variant-caps: normal; letter-spacing: normal; orphans: 2; text-indent: 0px; text-transform: none; white-space: normal; widows: 2; word-spacing: 0px; -webkit-text-stroke-width: 0px; background-color: rgb(255, 255, 255); text-decoration-style: initial; text-decoration-color: initial;\">在对后台进行编辑时，采用百度开源的富文本编辑器ueditor，本文采用djangoueditor，<a href=\"https://github.com/zhangfisher/DjangoUeditor\" target=\"_blank\" style=\"box-sizing: border-box; outline: 0px; color: rgb(103, 149, 181); text-decoration: none; cursor: pointer; word-break: break-all;\">源程序点此进入</a>。由于作者不再对其进行维护，这个版本不再适用于Python3版本，Python3的版本安装<span class=\"Apple-converted-space\">&nbsp;</span><a href=\"https://github.com/twz915/DjangoUeditor3\" target=\"_blank\" style=\"box-sizing: border-box; outline: 0px; color: rgb(103, 149, 181); text-decoration: none; cursor: pointer; word-break: break-all;\">点此进入</a>。</p><p style=\"box-sizing: border-box; outline: 0px; padding: 0px; margin: 0px 0px 16px; font-size: 16px; color: rgb(79, 79, 79); font-weight: normal; line-height: 26px; text-align: justify; word-break: break-all; font-family: -apple-system, &quot;SF UI Text&quot;, Arial, &quot;PingFang SC&quot;, &quot;Hiragino Sans GB&quot;, &quot;Microsoft YaHei&quot;, &quot;WenQuanYi Micro Hei&quot;, sans-serif, SimHei, SimSun; font-style: normal; font-variant-ligatures: normal; font-variant-caps: normal; letter-spacing: normal; orphans: 2; text-indent: 0px; text-transform: none; white-space: normal; widows: 2; word-spacing: 0px; -webkit-text-stroke-width: 0px; background-color: rgb(255, 255, 255); text-decoration-style: initial; text-decoration-color: initial;\">对于以上xadmin和djangoueditor 的安装，本人建议直接集成在pycharm中，而不是装在虚拟环境中。因为xadmin中如果需要集成插件的话，需要对其进行添加；而djangoueditor采用pip安装的话，只能用在Python2版本中。</p><p style=\"box-sizing: border-box; outline: 0px; padding: 0px; margin: 0px 0px 16px; font-size: 16px; color: rgb(79, 79, 79); font-weight: normal; line-height: 26px; text-align: justify; word-break: break-all; font-family: -apple-system, &quot;SF UI Text&quot;, Arial, &quot;PingFang SC&quot;, &quot;Hiragino Sans GB&quot;, &quot;Microsoft YaHei&quot;, &quot;WenQuanYi Micro Hei&quot;, sans-serif, SimHei, SimSun; font-style: normal; font-variant-ligatures: normal; font-variant-caps: normal; letter-spacing: normal; orphans: 2; text-indent: 0px; text-transform: none; white-space: normal; widows: 2; word-spacing: 0px; -webkit-text-stroke-width: 0px; background-color: rgb(255, 255, 255); text-decoration-style: initial; text-decoration-color: initial;\">因此建议将源码包下载下来，并直接放在项目下的extra_apps中，如下所示：</p><p style=\"box-sizing: border-box; outline: 0px; padding: 0px; margin: 0px 0px 16px; font-size: 16px; color: rgb(79, 79, 79); font-weight: normal; line-height: 26px; text-align: justify; word-break: break-all; font-family: -apple-system, &quot;SF UI Text&quot;, Arial, &quot;PingFang SC&quot;, &quot;Hiragino Sans GB&quot;, &quot;Microsoft YaHei&quot;, &quot;WenQuanYi Micro Hei&quot;, sans-serif, SimHei, SimSun; font-style: normal; font-variant-ligatures: normal; font-variant-caps: normal; letter-spacing: normal; orphans: 2; text-indent: 0px; text-transform: none; white-space: normal; widows: 2; word-spacing: 0px; -webkit-text-stroke-width: 0px; background-color: rgb(255, 255, 255); text-decoration-style: initial; text-decoration-color: initial;\"><img src=\"https://img-blog.csdn.net/20180120151950476?watermark/2/text/aHR0cDovL2Jsb2cuY3Nkbi5uZXQvZ2Vlcm5peWE=/font/5a6L5L2T/fontsize/400/fill/I0JBQkFCMA==/dissolve/70/gravity/SouthEast\" alt=\"这里写图片描述\" title=\"\" style=\"box-sizing: border-box; outline: 0px; margin: 24px 0px; max-width: 100%; word-break: break-all; cursor: zoom-in;\"/></p><p><br/></p>', '0', '1', '2018-05-22 11:37:24.896000', '2018-05-22 11:37:24.897000', '2');
INSERT INTO `app_case` VALUES ('93', '标题9', '121gtt4374', 'pictures/case/2018/05/16/QQ截图20180514132743_fXRcWFf.png', '学生务必在每项内容填写摘要9', '0', '<p style=\"box-sizing: border-box; outline: 0px; padding: 0px; margin: 0px 0px 16px; font-size: 16px; color: rgb(79, 79, 79); font-weight: normal; line-height: 26px; text-align: justify; word-break: break-all; font-family: -apple-system, &quot;SF UI Text&quot;, Arial, &quot;PingFang SC&quot;, &quot;Hiragino Sans GB&quot;, &quot;Microsoft YaHei&quot;, &quot;WenQuanYi Micro Hei&quot;, sans-serif, SimHei, SimSun; font-style: normal; font-variant-ligatures: normal; font-variant-caps: normal; letter-spacing: normal; orphans: 2; text-indent: 0px; text-transform: none; white-space: normal; widows: 2; word-spacing: 0px; -webkit-text-stroke-width: 0px; background-color: rgb(255, 255, 255); text-decoration-style: initial; text-decoration-color: initial;\">xadmin为django后台管理系统admin的升级版，<a href=\"https://github.com/sshwsfc/xadmin\" target=\"_blank\" style=\"box-sizing: border-box; outline: 0px; color: rgb(103, 149, 181); text-decoration: none; cursor: pointer; word-break: break-all;\">点击进入github</a></p><p style=\"box-sizing: border-box; outline: 0px; padding: 0px; margin: 0px 0px 16px; font-size: 16px; color: rgb(79, 79, 79); font-weight: normal; line-height: 26px; text-align: justify; word-break: break-all; font-family: -apple-system, &quot;SF UI Text&quot;, Arial, &quot;PingFang SC&quot;, &quot;Hiragino Sans GB&quot;, &quot;Microsoft YaHei&quot;, &quot;WenQuanYi Micro Hei&quot;, sans-serif, SimHei, SimSun; font-style: normal; font-variant-ligatures: normal; font-variant-caps: normal; letter-spacing: normal; orphans: 2; text-indent: 0px; text-transform: none; white-space: normal; widows: 2; word-spacing: 0px; -webkit-text-stroke-width: 0px; background-color: rgb(255, 255, 255); text-decoration-style: initial; text-decoration-color: initial;\">在对后台进行编辑时，采用百度开源的富文本编辑器ueditor，本文采用djangoueditor，<a href=\"https://github.com/zhangfisher/DjangoUeditor\" target=\"_blank\" style=\"box-sizing: border-box; outline: 0px; color: rgb(103, 149, 181); text-decoration: none; cursor: pointer; word-break: break-all;\">源程序点此进入</a>。由于作者不再对其进行维护，这个版本不再适用于Python3版本，Python3的版本安装<span class=\"Apple-converted-space\">&nbsp;</span><a href=\"https://github.com/twz915/DjangoUeditor3\" target=\"_blank\" style=\"box-sizing: border-box; outline: 0px; color: rgb(103, 149, 181); text-decoration: none; cursor: pointer; word-break: break-all;\">点此进入</a>。</p><p style=\"box-sizing: border-box; outline: 0px; padding: 0px; margin: 0px 0px 16px; font-size: 16px; color: rgb(79, 79, 79); font-weight: normal; line-height: 26px; text-align: justify; word-break: break-all; font-family: -apple-system, &quot;SF UI Text&quot;, Arial, &quot;PingFang SC&quot;, &quot;Hiragino Sans GB&quot;, &quot;Microsoft YaHei&quot;, &quot;WenQuanYi Micro Hei&quot;, sans-serif, SimHei, SimSun; font-style: normal; font-variant-ligatures: normal; font-variant-caps: normal; letter-spacing: normal; orphans: 2; text-indent: 0px; text-transform: none; white-space: normal; widows: 2; word-spacing: 0px; -webkit-text-stroke-width: 0px; background-color: rgb(255, 255, 255); text-decoration-style: initial; text-decoration-color: initial;\">对于以上xadmin和djangoueditor 的安装，本人建议直接集成在pycharm中，而不是装在虚拟环境中。因为xadmin中如果需要集成插件的话，需要对其进行添加；而djangoueditor采用pip安装的话，只能用在Python2版本中。</p><p style=\"box-sizing: border-box; outline: 0px; padding: 0px; margin: 0px 0px 16px; font-size: 16px; color: rgb(79, 79, 79); font-weight: normal; line-height: 26px; text-align: justify; word-break: break-all; font-family: -apple-system, &quot;SF UI Text&quot;, Arial, &quot;PingFang SC&quot;, &quot;Hiragino Sans GB&quot;, &quot;Microsoft YaHei&quot;, &quot;WenQuanYi Micro Hei&quot;, sans-serif, SimHei, SimSun; font-style: normal; font-variant-ligatures: normal; font-variant-caps: normal; letter-spacing: normal; orphans: 2; text-indent: 0px; text-transform: none; white-space: normal; widows: 2; word-spacing: 0px; -webkit-text-stroke-width: 0px; background-color: rgb(255, 255, 255); text-decoration-style: initial; text-decoration-color: initial;\">因此建议将源码包下载下来，并直接放在项目下的extra_apps中，如下所示：</p><p style=\"box-sizing: border-box; outline: 0px; padding: 0px; margin: 0px 0px 16px; font-size: 16px; color: rgb(79, 79, 79); font-weight: normal; line-height: 26px; text-align: justify; word-break: break-all; font-family: -apple-system, &quot;SF UI Text&quot;, Arial, &quot;PingFang SC&quot;, &quot;Hiragino Sans GB&quot;, &quot;Microsoft YaHei&quot;, &quot;WenQuanYi Micro Hei&quot;, sans-serif, SimHei, SimSun; font-style: normal; font-variant-ligatures: normal; font-variant-caps: normal; letter-spacing: normal; orphans: 2; text-indent: 0px; text-transform: none; white-space: normal; widows: 2; word-spacing: 0px; -webkit-text-stroke-width: 0px; background-color: rgb(255, 255, 255); text-decoration-style: initial; text-decoration-color: initial;\"><img src=\"https://img-blog.csdn.net/20180120151950476?watermark/2/text/aHR0cDovL2Jsb2cuY3Nkbi5uZXQvZ2Vlcm5peWE=/font/5a6L5L2T/fontsize/400/fill/I0JBQkFCMA==/dissolve/70/gravity/SouthEast\" alt=\"这里写图片描述\" title=\"\" style=\"box-sizing: border-box; outline: 0px; margin: 24px 0px; max-width: 100%; word-break: break-all; cursor: zoom-in;\"/></p><p><br/></p>', '0', '1', '2018-05-22 11:37:24.898000', '2018-05-22 11:37:24.899000', '1');
INSERT INTO `app_case` VALUES ('94', '标题10', '121gtt4375', 'pictures/case/2018/05/16/QQ截图20180514132821_h1qa4uD.png', '学生务必在每项内容填写摘要10', '0', '<p style=\"box-sizing: border-box; outline: 0px; padding: 0px; margin: 0px 0px 16px; font-size: 16px; color: rgb(79, 79, 79); font-weight: normal; line-height: 26px; text-align: justify; word-break: break-all; font-family: -apple-system, &quot;SF UI Text&quot;, Arial, &quot;PingFang SC&quot;, &quot;Hiragino Sans GB&quot;, &quot;Microsoft YaHei&quot;, &quot;WenQuanYi Micro Hei&quot;, sans-serif, SimHei, SimSun; font-style: normal; font-variant-ligatures: normal; font-variant-caps: normal; letter-spacing: normal; orphans: 2; text-indent: 0px; text-transform: none; white-space: normal; widows: 2; word-spacing: 0px; -webkit-text-stroke-width: 0px; background-color: rgb(255, 255, 255); text-decoration-style: initial; text-decoration-color: initial;\">xadmin为django后台管理系统admin的升级版，<a href=\"https://github.com/sshwsfc/xadmin\" target=\"_blank\" style=\"box-sizing: border-box; outline: 0px; color: rgb(103, 149, 181); text-decoration: none; cursor: pointer; word-break: break-all;\">点击进入github</a></p><p style=\"box-sizing: border-box; outline: 0px; padding: 0px; margin: 0px 0px 16px; font-size: 16px; color: rgb(79, 79, 79); font-weight: normal; line-height: 26px; text-align: justify; word-break: break-all; font-family: -apple-system, &quot;SF UI Text&quot;, Arial, &quot;PingFang SC&quot;, &quot;Hiragino Sans GB&quot;, &quot;Microsoft YaHei&quot;, &quot;WenQuanYi Micro Hei&quot;, sans-serif, SimHei, SimSun; font-style: normal; font-variant-ligatures: normal; font-variant-caps: normal; letter-spacing: normal; orphans: 2; text-indent: 0px; text-transform: none; white-space: normal; widows: 2; word-spacing: 0px; -webkit-text-stroke-width: 0px; background-color: rgb(255, 255, 255); text-decoration-style: initial; text-decoration-color: initial;\">在对后台进行编辑时，采用百度开源的富文本编辑器ueditor，本文采用djangoueditor，<a href=\"https://github.com/zhangfisher/DjangoUeditor\" target=\"_blank\" style=\"box-sizing: border-box; outline: 0px; color: rgb(103, 149, 181); text-decoration: none; cursor: pointer; word-break: break-all;\">源程序点此进入</a>。由于作者不再对其进行维护，这个版本不再适用于Python3版本，Python3的版本安装<span class=\"Apple-converted-space\">&nbsp;</span><a href=\"https://github.com/twz915/DjangoUeditor3\" target=\"_blank\" style=\"box-sizing: border-box; outline: 0px; color: rgb(103, 149, 181); text-decoration: none; cursor: pointer; word-break: break-all;\">点此进入</a>。</p><p style=\"box-sizing: border-box; outline: 0px; padding: 0px; margin: 0px 0px 16px; font-size: 16px; color: rgb(79, 79, 79); font-weight: normal; line-height: 26px; text-align: justify; word-break: break-all; font-family: -apple-system, &quot;SF UI Text&quot;, Arial, &quot;PingFang SC&quot;, &quot;Hiragino Sans GB&quot;, &quot;Microsoft YaHei&quot;, &quot;WenQuanYi Micro Hei&quot;, sans-serif, SimHei, SimSun; font-style: normal; font-variant-ligatures: normal; font-variant-caps: normal; letter-spacing: normal; orphans: 2; text-indent: 0px; text-transform: none; white-space: normal; widows: 2; word-spacing: 0px; -webkit-text-stroke-width: 0px; background-color: rgb(255, 255, 255); text-decoration-style: initial; text-decoration-color: initial;\">对于以上xadmin和djangoueditor 的安装，本人建议直接集成在pycharm中，而不是装在虚拟环境中。因为xadmin中如果需要集成插件的话，需要对其进行添加；而djangoueditor采用pip安装的话，只能用在Python2版本中。</p><p style=\"box-sizing: border-box; outline: 0px; padding: 0px; margin: 0px 0px 16px; font-size: 16px; color: rgb(79, 79, 79); font-weight: normal; line-height: 26px; text-align: justify; word-break: break-all; font-family: -apple-system, &quot;SF UI Text&quot;, Arial, &quot;PingFang SC&quot;, &quot;Hiragino Sans GB&quot;, &quot;Microsoft YaHei&quot;, &quot;WenQuanYi Micro Hei&quot;, sans-serif, SimHei, SimSun; font-style: normal; font-variant-ligatures: normal; font-variant-caps: normal; letter-spacing: normal; orphans: 2; text-indent: 0px; text-transform: none; white-space: normal; widows: 2; word-spacing: 0px; -webkit-text-stroke-width: 0px; background-color: rgb(255, 255, 255); text-decoration-style: initial; text-decoration-color: initial;\">因此建议将源码包下载下来，并直接放在项目下的extra_apps中，如下所示：</p><p style=\"box-sizing: border-box; outline: 0px; padding: 0px; margin: 0px 0px 16px; font-size: 16px; color: rgb(79, 79, 79); font-weight: normal; line-height: 26px; text-align: justify; word-break: break-all; font-family: -apple-system, &quot;SF UI Text&quot;, Arial, &quot;PingFang SC&quot;, &quot;Hiragino Sans GB&quot;, &quot;Microsoft YaHei&quot;, &quot;WenQuanYi Micro Hei&quot;, sans-serif, SimHei, SimSun; font-style: normal; font-variant-ligatures: normal; font-variant-caps: normal; letter-spacing: normal; orphans: 2; text-indent: 0px; text-transform: none; white-space: normal; widows: 2; word-spacing: 0px; -webkit-text-stroke-width: 0px; background-color: rgb(255, 255, 255); text-decoration-style: initial; text-decoration-color: initial;\"><img src=\"https://img-blog.csdn.net/20180120151950476?watermark/2/text/aHR0cDovL2Jsb2cuY3Nkbi5uZXQvZ2Vlcm5peWE=/font/5a6L5L2T/fontsize/400/fill/I0JBQkFCMA==/dissolve/70/gravity/SouthEast\" alt=\"这里写图片描述\" title=\"\" style=\"box-sizing: border-box; outline: 0px; margin: 24px 0px; max-width: 100%; word-break: break-all; cursor: zoom-in;\"/></p><p><br/></p>', '0', '1', '2018-05-22 11:37:24.900000', '2018-05-22 11:37:24.901000', '3');
INSERT INTO `app_case` VALUES ('95', '标题11', '121gtt4376', 'pictures/case/2018/05/16/QQ截图20180514132743_fXRcWFf.png', '学生务必在每项内容填写摘要11', '0', '<p style=\"box-sizing: border-box; outline: 0px; padding: 0px; margin: 0px 0px 16px; font-size: 16px; color: rgb(79, 79, 79); font-weight: normal; line-height: 26px; text-align: justify; word-break: break-all; font-family: -apple-system, &quot;SF UI Text&quot;, Arial, &quot;PingFang SC&quot;, &quot;Hiragino Sans GB&quot;, &quot;Microsoft YaHei&quot;, &quot;WenQuanYi Micro Hei&quot;, sans-serif, SimHei, SimSun; font-style: normal; font-variant-ligatures: normal; font-variant-caps: normal; letter-spacing: normal; orphans: 2; text-indent: 0px; text-transform: none; white-space: normal; widows: 2; word-spacing: 0px; -webkit-text-stroke-width: 0px; background-color: rgb(255, 255, 255); text-decoration-style: initial; text-decoration-color: initial;\">xadmin为django后台管理系统admin的升级版，<a href=\"https://github.com/sshwsfc/xadmin\" target=\"_blank\" style=\"box-sizing: border-box; outline: 0px; color: rgb(103, 149, 181); text-decoration: none; cursor: pointer; word-break: break-all;\">点击进入github</a></p><p style=\"box-sizing: border-box; outline: 0px; padding: 0px; margin: 0px 0px 16px; font-size: 16px; color: rgb(79, 79, 79); font-weight: normal; line-height: 26px; text-align: justify; word-break: break-all; font-family: -apple-system, &quot;SF UI Text&quot;, Arial, &quot;PingFang SC&quot;, &quot;Hiragino Sans GB&quot;, &quot;Microsoft YaHei&quot;, &quot;WenQuanYi Micro Hei&quot;, sans-serif, SimHei, SimSun; font-style: normal; font-variant-ligatures: normal; font-variant-caps: normal; letter-spacing: normal; orphans: 2; text-indent: 0px; text-transform: none; white-space: normal; widows: 2; word-spacing: 0px; -webkit-text-stroke-width: 0px; background-color: rgb(255, 255, 255); text-decoration-style: initial; text-decoration-color: initial;\">在对后台进行编辑时，采用百度开源的富文本编辑器ueditor，本文采用djangoueditor，<a href=\"https://github.com/zhangfisher/DjangoUeditor\" target=\"_blank\" style=\"box-sizing: border-box; outline: 0px; color: rgb(103, 149, 181); text-decoration: none; cursor: pointer; word-break: break-all;\">源程序点此进入</a>。由于作者不再对其进行维护，这个版本不再适用于Python3版本，Python3的版本安装<span class=\"Apple-converted-space\">&nbsp;</span><a href=\"https://github.com/twz915/DjangoUeditor3\" target=\"_blank\" style=\"box-sizing: border-box; outline: 0px; color: rgb(103, 149, 181); text-decoration: none; cursor: pointer; word-break: break-all;\">点此进入</a>。</p><p style=\"box-sizing: border-box; outline: 0px; padding: 0px; margin: 0px 0px 16px; font-size: 16px; color: rgb(79, 79, 79); font-weight: normal; line-height: 26px; text-align: justify; word-break: break-all; font-family: -apple-system, &quot;SF UI Text&quot;, Arial, &quot;PingFang SC&quot;, &quot;Hiragino Sans GB&quot;, &quot;Microsoft YaHei&quot;, &quot;WenQuanYi Micro Hei&quot;, sans-serif, SimHei, SimSun; font-style: normal; font-variant-ligatures: normal; font-variant-caps: normal; letter-spacing: normal; orphans: 2; text-indent: 0px; text-transform: none; white-space: normal; widows: 2; word-spacing: 0px; -webkit-text-stroke-width: 0px; background-color: rgb(255, 255, 255); text-decoration-style: initial; text-decoration-color: initial;\">对于以上xadmin和djangoueditor 的安装，本人建议直接集成在pycharm中，而不是装在虚拟环境中。因为xadmin中如果需要集成插件的话，需要对其进行添加；而djangoueditor采用pip安装的话，只能用在Python2版本中。</p><p style=\"box-sizing: border-box; outline: 0px; padding: 0px; margin: 0px 0px 16px; font-size: 16px; color: rgb(79, 79, 79); font-weight: normal; line-height: 26px; text-align: justify; word-break: break-all; font-family: -apple-system, &quot;SF UI Text&quot;, Arial, &quot;PingFang SC&quot;, &quot;Hiragino Sans GB&quot;, &quot;Microsoft YaHei&quot;, &quot;WenQuanYi Micro Hei&quot;, sans-serif, SimHei, SimSun; font-style: normal; font-variant-ligatures: normal; font-variant-caps: normal; letter-spacing: normal; orphans: 2; text-indent: 0px; text-transform: none; white-space: normal; widows: 2; word-spacing: 0px; -webkit-text-stroke-width: 0px; background-color: rgb(255, 255, 255); text-decoration-style: initial; text-decoration-color: initial;\">因此建议将源码包下载下来，并直接放在项目下的extra_apps中，如下所示：</p><p style=\"box-sizing: border-box; outline: 0px; padding: 0px; margin: 0px 0px 16px; font-size: 16px; color: rgb(79, 79, 79); font-weight: normal; line-height: 26px; text-align: justify; word-break: break-all; font-family: -apple-system, &quot;SF UI Text&quot;, Arial, &quot;PingFang SC&quot;, &quot;Hiragino Sans GB&quot;, &quot;Microsoft YaHei&quot;, &quot;WenQuanYi Micro Hei&quot;, sans-serif, SimHei, SimSun; font-style: normal; font-variant-ligatures: normal; font-variant-caps: normal; letter-spacing: normal; orphans: 2; text-indent: 0px; text-transform: none; white-space: normal; widows: 2; word-spacing: 0px; -webkit-text-stroke-width: 0px; background-color: rgb(255, 255, 255); text-decoration-style: initial; text-decoration-color: initial;\"><img src=\"https://img-blog.csdn.net/20180120151950476?watermark/2/text/aHR0cDovL2Jsb2cuY3Nkbi5uZXQvZ2Vlcm5peWE=/font/5a6L5L2T/fontsize/400/fill/I0JBQkFCMA==/dissolve/70/gravity/SouthEast\" alt=\"这里写图片描述\" title=\"\" style=\"box-sizing: border-box; outline: 0px; margin: 24px 0px; max-width: 100%; word-break: break-all; cursor: zoom-in;\"/></p><p><br/></p>', '0', '1', '2018-05-22 11:37:24.902000', '2018-05-22 11:37:24.904000', '4');
INSERT INTO `app_case` VALUES ('96', '标题12', '121gtt4377', 'pictures/case/2018/05/16/QQ截图20180514132821_h1qa4uD.png', '学生务必在每项内容填写摘要12', '0', '<p style=\"box-sizing: border-box; outline: 0px; padding: 0px; margin: 0px 0px 16px; font-size: 16px; color: rgb(79, 79, 79); font-weight: normal; line-height: 26px; text-align: justify; word-break: break-all; font-family: -apple-system, &quot;SF UI Text&quot;, Arial, &quot;PingFang SC&quot;, &quot;Hiragino Sans GB&quot;, &quot;Microsoft YaHei&quot;, &quot;WenQuanYi Micro Hei&quot;, sans-serif, SimHei, SimSun; font-style: normal; font-variant-ligatures: normal; font-variant-caps: normal; letter-spacing: normal; orphans: 2; text-indent: 0px; text-transform: none; white-space: normal; widows: 2; word-spacing: 0px; -webkit-text-stroke-width: 0px; background-color: rgb(255, 255, 255); text-decoration-style: initial; text-decoration-color: initial;\">xadmin为django后台管理系统admin的升级版，<a href=\"https://github.com/sshwsfc/xadmin\" target=\"_blank\" style=\"box-sizing: border-box; outline: 0px; color: rgb(103, 149, 181); text-decoration: none; cursor: pointer; word-break: break-all;\">点击进入github</a></p><p style=\"box-sizing: border-box; outline: 0px; padding: 0px; margin: 0px 0px 16px; font-size: 16px; color: rgb(79, 79, 79); font-weight: normal; line-height: 26px; text-align: justify; word-break: break-all; font-family: -apple-system, &quot;SF UI Text&quot;, Arial, &quot;PingFang SC&quot;, &quot;Hiragino Sans GB&quot;, &quot;Microsoft YaHei&quot;, &quot;WenQuanYi Micro Hei&quot;, sans-serif, SimHei, SimSun; font-style: normal; font-variant-ligatures: normal; font-variant-caps: normal; letter-spacing: normal; orphans: 2; text-indent: 0px; text-transform: none; white-space: normal; widows: 2; word-spacing: 0px; -webkit-text-stroke-width: 0px; background-color: rgb(255, 255, 255); text-decoration-style: initial; text-decoration-color: initial;\">在对后台进行编辑时，采用百度开源的富文本编辑器ueditor，本文采用djangoueditor，<a href=\"https://github.com/zhangfisher/DjangoUeditor\" target=\"_blank\" style=\"box-sizing: border-box; outline: 0px; color: rgb(103, 149, 181); text-decoration: none; cursor: pointer; word-break: break-all;\">源程序点此进入</a>。由于作者不再对其进行维护，这个版本不再适用于Python3版本，Python3的版本安装<span class=\"Apple-converted-space\">&nbsp;</span><a href=\"https://github.com/twz915/DjangoUeditor3\" target=\"_blank\" style=\"box-sizing: border-box; outline: 0px; color: rgb(103, 149, 181); text-decoration: none; cursor: pointer; word-break: break-all;\">点此进入</a>。</p><p style=\"box-sizing: border-box; outline: 0px; padding: 0px; margin: 0px 0px 16px; font-size: 16px; color: rgb(79, 79, 79); font-weight: normal; line-height: 26px; text-align: justify; word-break: break-all; font-family: -apple-system, &quot;SF UI Text&quot;, Arial, &quot;PingFang SC&quot;, &quot;Hiragino Sans GB&quot;, &quot;Microsoft YaHei&quot;, &quot;WenQuanYi Micro Hei&quot;, sans-serif, SimHei, SimSun; font-style: normal; font-variant-ligatures: normal; font-variant-caps: normal; letter-spacing: normal; orphans: 2; text-indent: 0px; text-transform: none; white-space: normal; widows: 2; word-spacing: 0px; -webkit-text-stroke-width: 0px; background-color: rgb(255, 255, 255); text-decoration-style: initial; text-decoration-color: initial;\">对于以上xadmin和djangoueditor 的安装，本人建议直接集成在pycharm中，而不是装在虚拟环境中。因为xadmin中如果需要集成插件的话，需要对其进行添加；而djangoueditor采用pip安装的话，只能用在Python2版本中。</p><p style=\"box-sizing: border-box; outline: 0px; padding: 0px; margin: 0px 0px 16px; font-size: 16px; color: rgb(79, 79, 79); font-weight: normal; line-height: 26px; text-align: justify; word-break: break-all; font-family: -apple-system, &quot;SF UI Text&quot;, Arial, &quot;PingFang SC&quot;, &quot;Hiragino Sans GB&quot;, &quot;Microsoft YaHei&quot;, &quot;WenQuanYi Micro Hei&quot;, sans-serif, SimHei, SimSun; font-style: normal; font-variant-ligatures: normal; font-variant-caps: normal; letter-spacing: normal; orphans: 2; text-indent: 0px; text-transform: none; white-space: normal; widows: 2; word-spacing: 0px; -webkit-text-stroke-width: 0px; background-color: rgb(255, 255, 255); text-decoration-style: initial; text-decoration-color: initial;\">因此建议将源码包下载下来，并直接放在项目下的extra_apps中，如下所示：</p><p style=\"box-sizing: border-box; outline: 0px; padding: 0px; margin: 0px 0px 16px; font-size: 16px; color: rgb(79, 79, 79); font-weight: normal; line-height: 26px; text-align: justify; word-break: break-all; font-family: -apple-system, &quot;SF UI Text&quot;, Arial, &quot;PingFang SC&quot;, &quot;Hiragino Sans GB&quot;, &quot;Microsoft YaHei&quot;, &quot;WenQuanYi Micro Hei&quot;, sans-serif, SimHei, SimSun; font-style: normal; font-variant-ligatures: normal; font-variant-caps: normal; letter-spacing: normal; orphans: 2; text-indent: 0px; text-transform: none; white-space: normal; widows: 2; word-spacing: 0px; -webkit-text-stroke-width: 0px; background-color: rgb(255, 255, 255); text-decoration-style: initial; text-decoration-color: initial;\"><img src=\"https://img-blog.csdn.net/20180120151950476?watermark/2/text/aHR0cDovL2Jsb2cuY3Nkbi5uZXQvZ2Vlcm5peWE=/font/5a6L5L2T/fontsize/400/fill/I0JBQkFCMA==/dissolve/70/gravity/SouthEast\" alt=\"这里写图片描述\" title=\"\" style=\"box-sizing: border-box; outline: 0px; margin: 24px 0px; max-width: 100%; word-break: break-all; cursor: zoom-in;\"/></p><p><br/></p>', '0', '1', '2018-05-22 11:37:24.905000', '2018-05-22 11:37:24.907000', '2');
INSERT INTO `app_case` VALUES ('97', '标题13', '121gtt4378', 'pictures/case/2018/05/16/QQ截图20180514132743_fXRcWFf.png', '学生务必在每项内容填写摘要13', '0', '<p style=\"box-sizing: border-box; outline: 0px; padding: 0px; margin: 0px 0px 16px; font-size: 16px; color: rgb(79, 79, 79); font-weight: normal; line-height: 26px; text-align: justify; word-break: break-all; font-family: -apple-system, &quot;SF UI Text&quot;, Arial, &quot;PingFang SC&quot;, &quot;Hiragino Sans GB&quot;, &quot;Microsoft YaHei&quot;, &quot;WenQuanYi Micro Hei&quot;, sans-serif, SimHei, SimSun; font-style: normal; font-variant-ligatures: normal; font-variant-caps: normal; letter-spacing: normal; orphans: 2; text-indent: 0px; text-transform: none; white-space: normal; widows: 2; word-spacing: 0px; -webkit-text-stroke-width: 0px; background-color: rgb(255, 255, 255); text-decoration-style: initial; text-decoration-color: initial;\">xadmin为django后台管理系统admin的升级版，<a href=\"https://github.com/sshwsfc/xadmin\" target=\"_blank\" style=\"box-sizing: border-box; outline: 0px; color: rgb(103, 149, 181); text-decoration: none; cursor: pointer; word-break: break-all;\">点击进入github</a></p><p style=\"box-sizing: border-box; outline: 0px; padding: 0px; margin: 0px 0px 16px; font-size: 16px; color: rgb(79, 79, 79); font-weight: normal; line-height: 26px; text-align: justify; word-break: break-all; font-family: -apple-system, &quot;SF UI Text&quot;, Arial, &quot;PingFang SC&quot;, &quot;Hiragino Sans GB&quot;, &quot;Microsoft YaHei&quot;, &quot;WenQuanYi Micro Hei&quot;, sans-serif, SimHei, SimSun; font-style: normal; font-variant-ligatures: normal; font-variant-caps: normal; letter-spacing: normal; orphans: 2; text-indent: 0px; text-transform: none; white-space: normal; widows: 2; word-spacing: 0px; -webkit-text-stroke-width: 0px; background-color: rgb(255, 255, 255); text-decoration-style: initial; text-decoration-color: initial;\">在对后台进行编辑时，采用百度开源的富文本编辑器ueditor，本文采用djangoueditor，<a href=\"https://github.com/zhangfisher/DjangoUeditor\" target=\"_blank\" style=\"box-sizing: border-box; outline: 0px; color: rgb(103, 149, 181); text-decoration: none; cursor: pointer; word-break: break-all;\">源程序点此进入</a>。由于作者不再对其进行维护，这个版本不再适用于Python3版本，Python3的版本安装<span class=\"Apple-converted-space\">&nbsp;</span><a href=\"https://github.com/twz915/DjangoUeditor3\" target=\"_blank\" style=\"box-sizing: border-box; outline: 0px; color: rgb(103, 149, 181); text-decoration: none; cursor: pointer; word-break: break-all;\">点此进入</a>。</p><p style=\"box-sizing: border-box; outline: 0px; padding: 0px; margin: 0px 0px 16px; font-size: 16px; color: rgb(79, 79, 79); font-weight: normal; line-height: 26px; text-align: justify; word-break: break-all; font-family: -apple-system, &quot;SF UI Text&quot;, Arial, &quot;PingFang SC&quot;, &quot;Hiragino Sans GB&quot;, &quot;Microsoft YaHei&quot;, &quot;WenQuanYi Micro Hei&quot;, sans-serif, SimHei, SimSun; font-style: normal; font-variant-ligatures: normal; font-variant-caps: normal; letter-spacing: normal; orphans: 2; text-indent: 0px; text-transform: none; white-space: normal; widows: 2; word-spacing: 0px; -webkit-text-stroke-width: 0px; background-color: rgb(255, 255, 255); text-decoration-style: initial; text-decoration-color: initial;\">对于以上xadmin和djangoueditor 的安装，本人建议直接集成在pycharm中，而不是装在虚拟环境中。因为xadmin中如果需要集成插件的话，需要对其进行添加；而djangoueditor采用pip安装的话，只能用在Python2版本中。</p><p style=\"box-sizing: border-box; outline: 0px; padding: 0px; margin: 0px 0px 16px; font-size: 16px; color: rgb(79, 79, 79); font-weight: normal; line-height: 26px; text-align: justify; word-break: break-all; font-family: -apple-system, &quot;SF UI Text&quot;, Arial, &quot;PingFang SC&quot;, &quot;Hiragino Sans GB&quot;, &quot;Microsoft YaHei&quot;, &quot;WenQuanYi Micro Hei&quot;, sans-serif, SimHei, SimSun; font-style: normal; font-variant-ligatures: normal; font-variant-caps: normal; letter-spacing: normal; orphans: 2; text-indent: 0px; text-transform: none; white-space: normal; widows: 2; word-spacing: 0px; -webkit-text-stroke-width: 0px; background-color: rgb(255, 255, 255); text-decoration-style: initial; text-decoration-color: initial;\">因此建议将源码包下载下来，并直接放在项目下的extra_apps中，如下所示：</p><p style=\"box-sizing: border-box; outline: 0px; padding: 0px; margin: 0px 0px 16px; font-size: 16px; color: rgb(79, 79, 79); font-weight: normal; line-height: 26px; text-align: justify; word-break: break-all; font-family: -apple-system, &quot;SF UI Text&quot;, Arial, &quot;PingFang SC&quot;, &quot;Hiragino Sans GB&quot;, &quot;Microsoft YaHei&quot;, &quot;WenQuanYi Micro Hei&quot;, sans-serif, SimHei, SimSun; font-style: normal; font-variant-ligatures: normal; font-variant-caps: normal; letter-spacing: normal; orphans: 2; text-indent: 0px; text-transform: none; white-space: normal; widows: 2; word-spacing: 0px; -webkit-text-stroke-width: 0px; background-color: rgb(255, 255, 255); text-decoration-style: initial; text-decoration-color: initial;\"><img src=\"https://img-blog.csdn.net/20180120151950476?watermark/2/text/aHR0cDovL2Jsb2cuY3Nkbi5uZXQvZ2Vlcm5peWE=/font/5a6L5L2T/fontsize/400/fill/I0JBQkFCMA==/dissolve/70/gravity/SouthEast\" alt=\"这里写图片描述\" title=\"\" style=\"box-sizing: border-box; outline: 0px; margin: 24px 0px; max-width: 100%; word-break: break-all; cursor: zoom-in;\"/></p><p><br/></p>', '0', '1', '2018-05-22 11:37:24.908000', '2018-05-22 11:37:24.909000', '1');
INSERT INTO `app_case` VALUES ('98', '标题14', '121gtt4379', 'pictures/case/2018/05/16/QQ截图20180514132821_h1qa4uD.png', '学生务必在每项内容填写摘要14', '0', '<p style=\"box-sizing: border-box; outline: 0px; padding: 0px; margin: 0px 0px 16px; font-size: 16px; color: rgb(79, 79, 79); font-weight: normal; line-height: 26px; text-align: justify; word-break: break-all; font-family: -apple-system, &quot;SF UI Text&quot;, Arial, &quot;PingFang SC&quot;, &quot;Hiragino Sans GB&quot;, &quot;Microsoft YaHei&quot;, &quot;WenQuanYi Micro Hei&quot;, sans-serif, SimHei, SimSun; font-style: normal; font-variant-ligatures: normal; font-variant-caps: normal; letter-spacing: normal; orphans: 2; text-indent: 0px; text-transform: none; white-space: normal; widows: 2; word-spacing: 0px; -webkit-text-stroke-width: 0px; background-color: rgb(255, 255, 255); text-decoration-style: initial; text-decoration-color: initial;\">xadmin为django后台管理系统admin的升级版，<a href=\"https://github.com/sshwsfc/xadmin\" target=\"_blank\" style=\"box-sizing: border-box; outline: 0px; color: rgb(103, 149, 181); text-decoration: none; cursor: pointer; word-break: break-all;\">点击进入github</a></p><p style=\"box-sizing: border-box; outline: 0px; padding: 0px; margin: 0px 0px 16px; font-size: 16px; color: rgb(79, 79, 79); font-weight: normal; line-height: 26px; text-align: justify; word-break: break-all; font-family: -apple-system, &quot;SF UI Text&quot;, Arial, &quot;PingFang SC&quot;, &quot;Hiragino Sans GB&quot;, &quot;Microsoft YaHei&quot;, &quot;WenQuanYi Micro Hei&quot;, sans-serif, SimHei, SimSun; font-style: normal; font-variant-ligatures: normal; font-variant-caps: normal; letter-spacing: normal; orphans: 2; text-indent: 0px; text-transform: none; white-space: normal; widows: 2; word-spacing: 0px; -webkit-text-stroke-width: 0px; background-color: rgb(255, 255, 255); text-decoration-style: initial; text-decoration-color: initial;\">在对后台进行编辑时，采用百度开源的富文本编辑器ueditor，本文采用djangoueditor，<a href=\"https://github.com/zhangfisher/DjangoUeditor\" target=\"_blank\" style=\"box-sizing: border-box; outline: 0px; color: rgb(103, 149, 181); text-decoration: none; cursor: pointer; word-break: break-all;\">源程序点此进入</a>。由于作者不再对其进行维护，这个版本不再适用于Python3版本，Python3的版本安装<span class=\"Apple-converted-space\">&nbsp;</span><a href=\"https://github.com/twz915/DjangoUeditor3\" target=\"_blank\" style=\"box-sizing: border-box; outline: 0px; color: rgb(103, 149, 181); text-decoration: none; cursor: pointer; word-break: break-all;\">点此进入</a>。</p><p style=\"box-sizing: border-box; outline: 0px; padding: 0px; margin: 0px 0px 16px; font-size: 16px; color: rgb(79, 79, 79); font-weight: normal; line-height: 26px; text-align: justify; word-break: break-all; font-family: -apple-system, &quot;SF UI Text&quot;, Arial, &quot;PingFang SC&quot;, &quot;Hiragino Sans GB&quot;, &quot;Microsoft YaHei&quot;, &quot;WenQuanYi Micro Hei&quot;, sans-serif, SimHei, SimSun; font-style: normal; font-variant-ligatures: normal; font-variant-caps: normal; letter-spacing: normal; orphans: 2; text-indent: 0px; text-transform: none; white-space: normal; widows: 2; word-spacing: 0px; -webkit-text-stroke-width: 0px; background-color: rgb(255, 255, 255); text-decoration-style: initial; text-decoration-color: initial;\">对于以上xadmin和djangoueditor 的安装，本人建议直接集成在pycharm中，而不是装在虚拟环境中。因为xadmin中如果需要集成插件的话，需要对其进行添加；而djangoueditor采用pip安装的话，只能用在Python2版本中。</p><p style=\"box-sizing: border-box; outline: 0px; padding: 0px; margin: 0px 0px 16px; font-size: 16px; color: rgb(79, 79, 79); font-weight: normal; line-height: 26px; text-align: justify; word-break: break-all; font-family: -apple-system, &quot;SF UI Text&quot;, Arial, &quot;PingFang SC&quot;, &quot;Hiragino Sans GB&quot;, &quot;Microsoft YaHei&quot;, &quot;WenQuanYi Micro Hei&quot;, sans-serif, SimHei, SimSun; font-style: normal; font-variant-ligatures: normal; font-variant-caps: normal; letter-spacing: normal; orphans: 2; text-indent: 0px; text-transform: none; white-space: normal; widows: 2; word-spacing: 0px; -webkit-text-stroke-width: 0px; background-color: rgb(255, 255, 255); text-decoration-style: initial; text-decoration-color: initial;\">因此建议将源码包下载下来，并直接放在项目下的extra_apps中，如下所示：</p><p style=\"box-sizing: border-box; outline: 0px; padding: 0px; margin: 0px 0px 16px; font-size: 16px; color: rgb(79, 79, 79); font-weight: normal; line-height: 26px; text-align: justify; word-break: break-all; font-family: -apple-system, &quot;SF UI Text&quot;, Arial, &quot;PingFang SC&quot;, &quot;Hiragino Sans GB&quot;, &quot;Microsoft YaHei&quot;, &quot;WenQuanYi Micro Hei&quot;, sans-serif, SimHei, SimSun; font-style: normal; font-variant-ligatures: normal; font-variant-caps: normal; letter-spacing: normal; orphans: 2; text-indent: 0px; text-transform: none; white-space: normal; widows: 2; word-spacing: 0px; -webkit-text-stroke-width: 0px; background-color: rgb(255, 255, 255); text-decoration-style: initial; text-decoration-color: initial;\"><img src=\"https://img-blog.csdn.net/20180120151950476?watermark/2/text/aHR0cDovL2Jsb2cuY3Nkbi5uZXQvZ2Vlcm5peWE=/font/5a6L5L2T/fontsize/400/fill/I0JBQkFCMA==/dissolve/70/gravity/SouthEast\" alt=\"这里写图片描述\" title=\"\" style=\"box-sizing: border-box; outline: 0px; margin: 24px 0px; max-width: 100%; word-break: break-all; cursor: zoom-in;\"/></p><p><br/></p>', '0', '1', '2018-05-22 11:37:24.910000', '2018-05-22 11:37:24.911000', '3');
INSERT INTO `app_case` VALUES ('99', '标题15', '121gtt4380', 'pictures/case/2018/05/16/QQ截图20180514132743_fXRcWFf.png', '学生务必在每项内容填写摘要15', '0', '<p style=\"box-sizing: border-box; outline: 0px; padding: 0px; margin: 0px 0px 16px; font-size: 16px; color: rgb(79, 79, 79); font-weight: normal; line-height: 26px; text-align: justify; word-break: break-all; font-family: -apple-system, &quot;SF UI Text&quot;, Arial, &quot;PingFang SC&quot;, &quot;Hiragino Sans GB&quot;, &quot;Microsoft YaHei&quot;, &quot;WenQuanYi Micro Hei&quot;, sans-serif, SimHei, SimSun; font-style: normal; font-variant-ligatures: normal; font-variant-caps: normal; letter-spacing: normal; orphans: 2; text-indent: 0px; text-transform: none; white-space: normal; widows: 2; word-spacing: 0px; -webkit-text-stroke-width: 0px; background-color: rgb(255, 255, 255); text-decoration-style: initial; text-decoration-color: initial;\">xadmin为django后台管理系统admin的升级版，<a href=\"https://github.com/sshwsfc/xadmin\" target=\"_blank\" style=\"box-sizing: border-box; outline: 0px; color: rgb(103, 149, 181); text-decoration: none; cursor: pointer; word-break: break-all;\">点击进入github</a></p><p style=\"box-sizing: border-box; outline: 0px; padding: 0px; margin: 0px 0px 16px; font-size: 16px; color: rgb(79, 79, 79); font-weight: normal; line-height: 26px; text-align: justify; word-break: break-all; font-family: -apple-system, &quot;SF UI Text&quot;, Arial, &quot;PingFang SC&quot;, &quot;Hiragino Sans GB&quot;, &quot;Microsoft YaHei&quot;, &quot;WenQuanYi Micro Hei&quot;, sans-serif, SimHei, SimSun; font-style: normal; font-variant-ligatures: normal; font-variant-caps: normal; letter-spacing: normal; orphans: 2; text-indent: 0px; text-transform: none; white-space: normal; widows: 2; word-spacing: 0px; -webkit-text-stroke-width: 0px; background-color: rgb(255, 255, 255); text-decoration-style: initial; text-decoration-color: initial;\">在对后台进行编辑时，采用百度开源的富文本编辑器ueditor，本文采用djangoueditor，<a href=\"https://github.com/zhangfisher/DjangoUeditor\" target=\"_blank\" style=\"box-sizing: border-box; outline: 0px; color: rgb(103, 149, 181); text-decoration: none; cursor: pointer; word-break: break-all;\">源程序点此进入</a>。由于作者不再对其进行维护，这个版本不再适用于Python3版本，Python3的版本安装<span class=\"Apple-converted-space\">&nbsp;</span><a href=\"https://github.com/twz915/DjangoUeditor3\" target=\"_blank\" style=\"box-sizing: border-box; outline: 0px; color: rgb(103, 149, 181); text-decoration: none; cursor: pointer; word-break: break-all;\">点此进入</a>。</p><p style=\"box-sizing: border-box; outline: 0px; padding: 0px; margin: 0px 0px 16px; font-size: 16px; color: rgb(79, 79, 79); font-weight: normal; line-height: 26px; text-align: justify; word-break: break-all; font-family: -apple-system, &quot;SF UI Text&quot;, Arial, &quot;PingFang SC&quot;, &quot;Hiragino Sans GB&quot;, &quot;Microsoft YaHei&quot;, &quot;WenQuanYi Micro Hei&quot;, sans-serif, SimHei, SimSun; font-style: normal; font-variant-ligatures: normal; font-variant-caps: normal; letter-spacing: normal; orphans: 2; text-indent: 0px; text-transform: none; white-space: normal; widows: 2; word-spacing: 0px; -webkit-text-stroke-width: 0px; background-color: rgb(255, 255, 255); text-decoration-style: initial; text-decoration-color: initial;\">对于以上xadmin和djangoueditor 的安装，本人建议直接集成在pycharm中，而不是装在虚拟环境中。因为xadmin中如果需要集成插件的话，需要对其进行添加；而djangoueditor采用pip安装的话，只能用在Python2版本中。</p><p style=\"box-sizing: border-box; outline: 0px; padding: 0px; margin: 0px 0px 16px; font-size: 16px; color: rgb(79, 79, 79); font-weight: normal; line-height: 26px; text-align: justify; word-break: break-all; font-family: -apple-system, &quot;SF UI Text&quot;, Arial, &quot;PingFang SC&quot;, &quot;Hiragino Sans GB&quot;, &quot;Microsoft YaHei&quot;, &quot;WenQuanYi Micro Hei&quot;, sans-serif, SimHei, SimSun; font-style: normal; font-variant-ligatures: normal; font-variant-caps: normal; letter-spacing: normal; orphans: 2; text-indent: 0px; text-transform: none; white-space: normal; widows: 2; word-spacing: 0px; -webkit-text-stroke-width: 0px; background-color: rgb(255, 255, 255); text-decoration-style: initial; text-decoration-color: initial;\">因此建议将源码包下载下来，并直接放在项目下的extra_apps中，如下所示：</p><p style=\"box-sizing: border-box; outline: 0px; padding: 0px; margin: 0px 0px 16px; font-size: 16px; color: rgb(79, 79, 79); font-weight: normal; line-height: 26px; text-align: justify; word-break: break-all; font-family: -apple-system, &quot;SF UI Text&quot;, Arial, &quot;PingFang SC&quot;, &quot;Hiragino Sans GB&quot;, &quot;Microsoft YaHei&quot;, &quot;WenQuanYi Micro Hei&quot;, sans-serif, SimHei, SimSun; font-style: normal; font-variant-ligatures: normal; font-variant-caps: normal; letter-spacing: normal; orphans: 2; text-indent: 0px; text-transform: none; white-space: normal; widows: 2; word-spacing: 0px; -webkit-text-stroke-width: 0px; background-color: rgb(255, 255, 255); text-decoration-style: initial; text-decoration-color: initial;\"><img src=\"https://img-blog.csdn.net/20180120151950476?watermark/2/text/aHR0cDovL2Jsb2cuY3Nkbi5uZXQvZ2Vlcm5peWE=/font/5a6L5L2T/fontsize/400/fill/I0JBQkFCMA==/dissolve/70/gravity/SouthEast\" alt=\"这里写图片描述\" title=\"\" style=\"box-sizing: border-box; outline: 0px; margin: 24px 0px; max-width: 100%; word-break: break-all; cursor: zoom-in;\"/></p><p><br/></p>', '0', '1', '2018-05-22 11:37:24.912000', '2018-05-22 11:37:24.913000', '4');
INSERT INTO `app_case` VALUES ('100', '标题16', '121gtt4381', 'pictures/case/2018/05/16/QQ截图20180514132821_h1qa4uD.png', '学生务必在每项内容填写摘要16', '0', '<p style=\"box-sizing: border-box; outline: 0px; padding: 0px; margin: 0px 0px 16px; font-size: 16px; color: rgb(79, 79, 79); font-weight: normal; line-height: 26px; text-align: justify; word-break: break-all; font-family: -apple-system, &quot;SF UI Text&quot;, Arial, &quot;PingFang SC&quot;, &quot;Hiragino Sans GB&quot;, &quot;Microsoft YaHei&quot;, &quot;WenQuanYi Micro Hei&quot;, sans-serif, SimHei, SimSun; font-style: normal; font-variant-ligatures: normal; font-variant-caps: normal; letter-spacing: normal; orphans: 2; text-indent: 0px; text-transform: none; white-space: normal; widows: 2; word-spacing: 0px; -webkit-text-stroke-width: 0px; background-color: rgb(255, 255, 255); text-decoration-style: initial; text-decoration-color: initial;\">xadmin为django后台管理系统admin的升级版，<a href=\"https://github.com/sshwsfc/xadmin\" target=\"_blank\" style=\"box-sizing: border-box; outline: 0px; color: rgb(103, 149, 181); text-decoration: none; cursor: pointer; word-break: break-all;\">点击进入github</a></p><p style=\"box-sizing: border-box; outline: 0px; padding: 0px; margin: 0px 0px 16px; font-size: 16px; color: rgb(79, 79, 79); font-weight: normal; line-height: 26px; text-align: justify; word-break: break-all; font-family: -apple-system, &quot;SF UI Text&quot;, Arial, &quot;PingFang SC&quot;, &quot;Hiragino Sans GB&quot;, &quot;Microsoft YaHei&quot;, &quot;WenQuanYi Micro Hei&quot;, sans-serif, SimHei, SimSun; font-style: normal; font-variant-ligatures: normal; font-variant-caps: normal; letter-spacing: normal; orphans: 2; text-indent: 0px; text-transform: none; white-space: normal; widows: 2; word-spacing: 0px; -webkit-text-stroke-width: 0px; background-color: rgb(255, 255, 255); text-decoration-style: initial; text-decoration-color: initial;\">在对后台进行编辑时，采用百度开源的富文本编辑器ueditor，本文采用djangoueditor，<a href=\"https://github.com/zhangfisher/DjangoUeditor\" target=\"_blank\" style=\"box-sizing: border-box; outline: 0px; color: rgb(103, 149, 181); text-decoration: none; cursor: pointer; word-break: break-all;\">源程序点此进入</a>。由于作者不再对其进行维护，这个版本不再适用于Python3版本，Python3的版本安装<span class=\"Apple-converted-space\">&nbsp;</span><a href=\"https://github.com/twz915/DjangoUeditor3\" target=\"_blank\" style=\"box-sizing: border-box; outline: 0px; color: rgb(103, 149, 181); text-decoration: none; cursor: pointer; word-break: break-all;\">点此进入</a>。</p><p style=\"box-sizing: border-box; outline: 0px; padding: 0px; margin: 0px 0px 16px; font-size: 16px; color: rgb(79, 79, 79); font-weight: normal; line-height: 26px; text-align: justify; word-break: break-all; font-family: -apple-system, &quot;SF UI Text&quot;, Arial, &quot;PingFang SC&quot;, &quot;Hiragino Sans GB&quot;, &quot;Microsoft YaHei&quot;, &quot;WenQuanYi Micro Hei&quot;, sans-serif, SimHei, SimSun; font-style: normal; font-variant-ligatures: normal; font-variant-caps: normal; letter-spacing: normal; orphans: 2; text-indent: 0px; text-transform: none; white-space: normal; widows: 2; word-spacing: 0px; -webkit-text-stroke-width: 0px; background-color: rgb(255, 255, 255); text-decoration-style: initial; text-decoration-color: initial;\">对于以上xadmin和djangoueditor 的安装，本人建议直接集成在pycharm中，而不是装在虚拟环境中。因为xadmin中如果需要集成插件的话，需要对其进行添加；而djangoueditor采用pip安装的话，只能用在Python2版本中。</p><p style=\"box-sizing: border-box; outline: 0px; padding: 0px; margin: 0px 0px 16px; font-size: 16px; color: rgb(79, 79, 79); font-weight: normal; line-height: 26px; text-align: justify; word-break: break-all; font-family: -apple-system, &quot;SF UI Text&quot;, Arial, &quot;PingFang SC&quot;, &quot;Hiragino Sans GB&quot;, &quot;Microsoft YaHei&quot;, &quot;WenQuanYi Micro Hei&quot;, sans-serif, SimHei, SimSun; font-style: normal; font-variant-ligatures: normal; font-variant-caps: normal; letter-spacing: normal; orphans: 2; text-indent: 0px; text-transform: none; white-space: normal; widows: 2; word-spacing: 0px; -webkit-text-stroke-width: 0px; background-color: rgb(255, 255, 255); text-decoration-style: initial; text-decoration-color: initial;\">因此建议将源码包下载下来，并直接放在项目下的extra_apps中，如下所示：</p><p style=\"box-sizing: border-box; outline: 0px; padding: 0px; margin: 0px 0px 16px; font-size: 16px; color: rgb(79, 79, 79); font-weight: normal; line-height: 26px; text-align: justify; word-break: break-all; font-family: -apple-system, &quot;SF UI Text&quot;, Arial, &quot;PingFang SC&quot;, &quot;Hiragino Sans GB&quot;, &quot;Microsoft YaHei&quot;, &quot;WenQuanYi Micro Hei&quot;, sans-serif, SimHei, SimSun; font-style: normal; font-variant-ligatures: normal; font-variant-caps: normal; letter-spacing: normal; orphans: 2; text-indent: 0px; text-transform: none; white-space: normal; widows: 2; word-spacing: 0px; -webkit-text-stroke-width: 0px; background-color: rgb(255, 255, 255); text-decoration-style: initial; text-decoration-color: initial;\"><img src=\"https://img-blog.csdn.net/20180120151950476?watermark/2/text/aHR0cDovL2Jsb2cuY3Nkbi5uZXQvZ2Vlcm5peWE=/font/5a6L5L2T/fontsize/400/fill/I0JBQkFCMA==/dissolve/70/gravity/SouthEast\" alt=\"这里写图片描述\" title=\"\" style=\"box-sizing: border-box; outline: 0px; margin: 24px 0px; max-width: 100%; word-break: break-all; cursor: zoom-in;\"/></p><p><br/></p>', '0', '1', '2018-05-22 11:37:24.914000', '2018-05-22 11:37:24.915000', '1');
INSERT INTO `app_case` VALUES ('101', '标题17', '121gtt4382', 'pictures/case/2018/05/16/QQ截图20180514132743_fXRcWFf.png', '学生务必在每项内容填写摘要17', '0', '<p style=\"box-sizing: border-box; outline: 0px; padding: 0px; margin: 0px 0px 16px; font-size: 16px; color: rgb(79, 79, 79); font-weight: normal; line-height: 26px; text-align: justify; word-break: break-all; font-family: -apple-system, &quot;SF UI Text&quot;, Arial, &quot;PingFang SC&quot;, &quot;Hiragino Sans GB&quot;, &quot;Microsoft YaHei&quot;, &quot;WenQuanYi Micro Hei&quot;, sans-serif, SimHei, SimSun; font-style: normal; font-variant-ligatures: normal; font-variant-caps: normal; letter-spacing: normal; orphans: 2; text-indent: 0px; text-transform: none; white-space: normal; widows: 2; word-spacing: 0px; -webkit-text-stroke-width: 0px; background-color: rgb(255, 255, 255); text-decoration-style: initial; text-decoration-color: initial;\">xadmin为django后台管理系统admin的升级版，<a href=\"https://github.com/sshwsfc/xadmin\" target=\"_blank\" style=\"box-sizing: border-box; outline: 0px; color: rgb(103, 149, 181); text-decoration: none; cursor: pointer; word-break: break-all;\">点击进入github</a></p><p style=\"box-sizing: border-box; outline: 0px; padding: 0px; margin: 0px 0px 16px; font-size: 16px; color: rgb(79, 79, 79); font-weight: normal; line-height: 26px; text-align: justify; word-break: break-all; font-family: -apple-system, &quot;SF UI Text&quot;, Arial, &quot;PingFang SC&quot;, &quot;Hiragino Sans GB&quot;, &quot;Microsoft YaHei&quot;, &quot;WenQuanYi Micro Hei&quot;, sans-serif, SimHei, SimSun; font-style: normal; font-variant-ligatures: normal; font-variant-caps: normal; letter-spacing: normal; orphans: 2; text-indent: 0px; text-transform: none; white-space: normal; widows: 2; word-spacing: 0px; -webkit-text-stroke-width: 0px; background-color: rgb(255, 255, 255); text-decoration-style: initial; text-decoration-color: initial;\">在对后台进行编辑时，采用百度开源的富文本编辑器ueditor，本文采用djangoueditor，<a href=\"https://github.com/zhangfisher/DjangoUeditor\" target=\"_blank\" style=\"box-sizing: border-box; outline: 0px; color: rgb(103, 149, 181); text-decoration: none; cursor: pointer; word-break: break-all;\">源程序点此进入</a>。由于作者不再对其进行维护，这个版本不再适用于Python3版本，Python3的版本安装<span class=\"Apple-converted-space\">&nbsp;</span><a href=\"https://github.com/twz915/DjangoUeditor3\" target=\"_blank\" style=\"box-sizing: border-box; outline: 0px; color: rgb(103, 149, 181); text-decoration: none; cursor: pointer; word-break: break-all;\">点此进入</a>。</p><p style=\"box-sizing: border-box; outline: 0px; padding: 0px; margin: 0px 0px 16px; font-size: 16px; color: rgb(79, 79, 79); font-weight: normal; line-height: 26px; text-align: justify; word-break: break-all; font-family: -apple-system, &quot;SF UI Text&quot;, Arial, &quot;PingFang SC&quot;, &quot;Hiragino Sans GB&quot;, &quot;Microsoft YaHei&quot;, &quot;WenQuanYi Micro Hei&quot;, sans-serif, SimHei, SimSun; font-style: normal; font-variant-ligatures: normal; font-variant-caps: normal; letter-spacing: normal; orphans: 2; text-indent: 0px; text-transform: none; white-space: normal; widows: 2; word-spacing: 0px; -webkit-text-stroke-width: 0px; background-color: rgb(255, 255, 255); text-decoration-style: initial; text-decoration-color: initial;\">对于以上xadmin和djangoueditor 的安装，本人建议直接集成在pycharm中，而不是装在虚拟环境中。因为xadmin中如果需要集成插件的话，需要对其进行添加；而djangoueditor采用pip安装的话，只能用在Python2版本中。</p><p style=\"box-sizing: border-box; outline: 0px; padding: 0px; margin: 0px 0px 16px; font-size: 16px; color: rgb(79, 79, 79); font-weight: normal; line-height: 26px; text-align: justify; word-break: break-all; font-family: -apple-system, &quot;SF UI Text&quot;, Arial, &quot;PingFang SC&quot;, &quot;Hiragino Sans GB&quot;, &quot;Microsoft YaHei&quot;, &quot;WenQuanYi Micro Hei&quot;, sans-serif, SimHei, SimSun; font-style: normal; font-variant-ligatures: normal; font-variant-caps: normal; letter-spacing: normal; orphans: 2; text-indent: 0px; text-transform: none; white-space: normal; widows: 2; word-spacing: 0px; -webkit-text-stroke-width: 0px; background-color: rgb(255, 255, 255); text-decoration-style: initial; text-decoration-color: initial;\">因此建议将源码包下载下来，并直接放在项目下的extra_apps中，如下所示：</p><p style=\"box-sizing: border-box; outline: 0px; padding: 0px; margin: 0px 0px 16px; font-size: 16px; color: rgb(79, 79, 79); font-weight: normal; line-height: 26px; text-align: justify; word-break: break-all; font-family: -apple-system, &quot;SF UI Text&quot;, Arial, &quot;PingFang SC&quot;, &quot;Hiragino Sans GB&quot;, &quot;Microsoft YaHei&quot;, &quot;WenQuanYi Micro Hei&quot;, sans-serif, SimHei, SimSun; font-style: normal; font-variant-ligatures: normal; font-variant-caps: normal; letter-spacing: normal; orphans: 2; text-indent: 0px; text-transform: none; white-space: normal; widows: 2; word-spacing: 0px; -webkit-text-stroke-width: 0px; background-color: rgb(255, 255, 255); text-decoration-style: initial; text-decoration-color: initial;\"><img src=\"https://img-blog.csdn.net/20180120151950476?watermark/2/text/aHR0cDovL2Jsb2cuY3Nkbi5uZXQvZ2Vlcm5peWE=/font/5a6L5L2T/fontsize/400/fill/I0JBQkFCMA==/dissolve/70/gravity/SouthEast\" alt=\"这里写图片描述\" title=\"\" style=\"box-sizing: border-box; outline: 0px; margin: 24px 0px; max-width: 100%; word-break: break-all; cursor: zoom-in;\"/></p><p><br/></p>', '0', '1', '2018-05-22 11:37:24.916000', '2018-05-22 11:37:24.917000', '2');
INSERT INTO `app_case` VALUES ('102', '标题18', '121gtt4383', 'pictures/case/2018/05/16/QQ截图20180514132821_h1qa4uD.png', '学生务必在每项内容填写摘要18', '0', '<p style=\"box-sizing: border-box; outline: 0px; padding: 0px; margin: 0px 0px 16px; font-size: 16px; color: rgb(79, 79, 79); font-weight: normal; line-height: 26px; text-align: justify; word-break: break-all; font-family: -apple-system, &quot;SF UI Text&quot;, Arial, &quot;PingFang SC&quot;, &quot;Hiragino Sans GB&quot;, &quot;Microsoft YaHei&quot;, &quot;WenQuanYi Micro Hei&quot;, sans-serif, SimHei, SimSun; font-style: normal; font-variant-ligatures: normal; font-variant-caps: normal; letter-spacing: normal; orphans: 2; text-indent: 0px; text-transform: none; white-space: normal; widows: 2; word-spacing: 0px; -webkit-text-stroke-width: 0px; background-color: rgb(255, 255, 255); text-decoration-style: initial; text-decoration-color: initial;\">xadmin为django后台管理系统admin的升级版，<a href=\"https://github.com/sshwsfc/xadmin\" target=\"_blank\" style=\"box-sizing: border-box; outline: 0px; color: rgb(103, 149, 181); text-decoration: none; cursor: pointer; word-break: break-all;\">点击进入github</a></p><p style=\"box-sizing: border-box; outline: 0px; padding: 0px; margin: 0px 0px 16px; font-size: 16px; color: rgb(79, 79, 79); font-weight: normal; line-height: 26px; text-align: justify; word-break: break-all; font-family: -apple-system, &quot;SF UI Text&quot;, Arial, &quot;PingFang SC&quot;, &quot;Hiragino Sans GB&quot;, &quot;Microsoft YaHei&quot;, &quot;WenQuanYi Micro Hei&quot;, sans-serif, SimHei, SimSun; font-style: normal; font-variant-ligatures: normal; font-variant-caps: normal; letter-spacing: normal; orphans: 2; text-indent: 0px; text-transform: none; white-space: normal; widows: 2; word-spacing: 0px; -webkit-text-stroke-width: 0px; background-color: rgb(255, 255, 255); text-decoration-style: initial; text-decoration-color: initial;\">在对后台进行编辑时，采用百度开源的富文本编辑器ueditor，本文采用djangoueditor，<a href=\"https://github.com/zhangfisher/DjangoUeditor\" target=\"_blank\" style=\"box-sizing: border-box; outline: 0px; color: rgb(103, 149, 181); text-decoration: none; cursor: pointer; word-break: break-all;\">源程序点此进入</a>。由于作者不再对其进行维护，这个版本不再适用于Python3版本，Python3的版本安装<span class=\"Apple-converted-space\">&nbsp;</span><a href=\"https://github.com/twz915/DjangoUeditor3\" target=\"_blank\" style=\"box-sizing: border-box; outline: 0px; color: rgb(103, 149, 181); text-decoration: none; cursor: pointer; word-break: break-all;\">点此进入</a>。</p><p style=\"box-sizing: border-box; outline: 0px; padding: 0px; margin: 0px 0px 16px; font-size: 16px; color: rgb(79, 79, 79); font-weight: normal; line-height: 26px; text-align: justify; word-break: break-all; font-family: -apple-system, &quot;SF UI Text&quot;, Arial, &quot;PingFang SC&quot;, &quot;Hiragino Sans GB&quot;, &quot;Microsoft YaHei&quot;, &quot;WenQuanYi Micro Hei&quot;, sans-serif, SimHei, SimSun; font-style: normal; font-variant-ligatures: normal; font-variant-caps: normal; letter-spacing: normal; orphans: 2; text-indent: 0px; text-transform: none; white-space: normal; widows: 2; word-spacing: 0px; -webkit-text-stroke-width: 0px; background-color: rgb(255, 255, 255); text-decoration-style: initial; text-decoration-color: initial;\">对于以上xadmin和djangoueditor 的安装，本人建议直接集成在pycharm中，而不是装在虚拟环境中。因为xadmin中如果需要集成插件的话，需要对其进行添加；而djangoueditor采用pip安装的话，只能用在Python2版本中。</p><p style=\"box-sizing: border-box; outline: 0px; padding: 0px; margin: 0px 0px 16px; font-size: 16px; color: rgb(79, 79, 79); font-weight: normal; line-height: 26px; text-align: justify; word-break: break-all; font-family: -apple-system, &quot;SF UI Text&quot;, Arial, &quot;PingFang SC&quot;, &quot;Hiragino Sans GB&quot;, &quot;Microsoft YaHei&quot;, &quot;WenQuanYi Micro Hei&quot;, sans-serif, SimHei, SimSun; font-style: normal; font-variant-ligatures: normal; font-variant-caps: normal; letter-spacing: normal; orphans: 2; text-indent: 0px; text-transform: none; white-space: normal; widows: 2; word-spacing: 0px; -webkit-text-stroke-width: 0px; background-color: rgb(255, 255, 255); text-decoration-style: initial; text-decoration-color: initial;\">因此建议将源码包下载下来，并直接放在项目下的extra_apps中，如下所示：</p><p style=\"box-sizing: border-box; outline: 0px; padding: 0px; margin: 0px 0px 16px; font-size: 16px; color: rgb(79, 79, 79); font-weight: normal; line-height: 26px; text-align: justify; word-break: break-all; font-family: -apple-system, &quot;SF UI Text&quot;, Arial, &quot;PingFang SC&quot;, &quot;Hiragino Sans GB&quot;, &quot;Microsoft YaHei&quot;, &quot;WenQuanYi Micro Hei&quot;, sans-serif, SimHei, SimSun; font-style: normal; font-variant-ligatures: normal; font-variant-caps: normal; letter-spacing: normal; orphans: 2; text-indent: 0px; text-transform: none; white-space: normal; widows: 2; word-spacing: 0px; -webkit-text-stroke-width: 0px; background-color: rgb(255, 255, 255); text-decoration-style: initial; text-decoration-color: initial;\"><img src=\"https://img-blog.csdn.net/20180120151950476?watermark/2/text/aHR0cDovL2Jsb2cuY3Nkbi5uZXQvZ2Vlcm5peWE=/font/5a6L5L2T/fontsize/400/fill/I0JBQkFCMA==/dissolve/70/gravity/SouthEast\" alt=\"这里写图片描述\" title=\"\" style=\"box-sizing: border-box; outline: 0px; margin: 24px 0px; max-width: 100%; word-break: break-all; cursor: zoom-in;\"/></p><p><br/></p>', '0', '1', '2018-05-22 11:37:24.919000', '2018-05-22 11:37:24.920000', '3');
INSERT INTO `app_case` VALUES ('103', '标题19', '121gtt4384', 'pictures/case/2018/05/16/QQ截图20180514132743_fXRcWFf.png', '学生务必在每项内容填写摘要19', '0', '<p style=\"box-sizing: border-box; outline: 0px; padding: 0px; margin: 0px 0px 16px; font-size: 16px; color: rgb(79, 79, 79); font-weight: normal; line-height: 26px; text-align: justify; word-break: break-all; font-family: -apple-system, &quot;SF UI Text&quot;, Arial, &quot;PingFang SC&quot;, &quot;Hiragino Sans GB&quot;, &quot;Microsoft YaHei&quot;, &quot;WenQuanYi Micro Hei&quot;, sans-serif, SimHei, SimSun; font-style: normal; font-variant-ligatures: normal; font-variant-caps: normal; letter-spacing: normal; orphans: 2; text-indent: 0px; text-transform: none; white-space: normal; widows: 2; word-spacing: 0px; -webkit-text-stroke-width: 0px; background-color: rgb(255, 255, 255); text-decoration-style: initial; text-decoration-color: initial;\">xadmin为django后台管理系统admin的升级版，<a href=\"https://github.com/sshwsfc/xadmin\" target=\"_blank\" style=\"box-sizing: border-box; outline: 0px; color: rgb(103, 149, 181); text-decoration: none; cursor: pointer; word-break: break-all;\">点击进入github</a></p><p style=\"box-sizing: border-box; outline: 0px; padding: 0px; margin: 0px 0px 16px; font-size: 16px; color: rgb(79, 79, 79); font-weight: normal; line-height: 26px; text-align: justify; word-break: break-all; font-family: -apple-system, &quot;SF UI Text&quot;, Arial, &quot;PingFang SC&quot;, &quot;Hiragino Sans GB&quot;, &quot;Microsoft YaHei&quot;, &quot;WenQuanYi Micro Hei&quot;, sans-serif, SimHei, SimSun; font-style: normal; font-variant-ligatures: normal; font-variant-caps: normal; letter-spacing: normal; orphans: 2; text-indent: 0px; text-transform: none; white-space: normal; widows: 2; word-spacing: 0px; -webkit-text-stroke-width: 0px; background-color: rgb(255, 255, 255); text-decoration-style: initial; text-decoration-color: initial;\">在对后台进行编辑时，采用百度开源的富文本编辑器ueditor，本文采用djangoueditor，<a href=\"https://github.com/zhangfisher/DjangoUeditor\" target=\"_blank\" style=\"box-sizing: border-box; outline: 0px; color: rgb(103, 149, 181); text-decoration: none; cursor: pointer; word-break: break-all;\">源程序点此进入</a>。由于作者不再对其进行维护，这个版本不再适用于Python3版本，Python3的版本安装<span class=\"Apple-converted-space\">&nbsp;</span><a href=\"https://github.com/twz915/DjangoUeditor3\" target=\"_blank\" style=\"box-sizing: border-box; outline: 0px; color: rgb(103, 149, 181); text-decoration: none; cursor: pointer; word-break: break-all;\">点此进入</a>。</p><p style=\"box-sizing: border-box; outline: 0px; padding: 0px; margin: 0px 0px 16px; font-size: 16px; color: rgb(79, 79, 79); font-weight: normal; line-height: 26px; text-align: justify; word-break: break-all; font-family: -apple-system, &quot;SF UI Text&quot;, Arial, &quot;PingFang SC&quot;, &quot;Hiragino Sans GB&quot;, &quot;Microsoft YaHei&quot;, &quot;WenQuanYi Micro Hei&quot;, sans-serif, SimHei, SimSun; font-style: normal; font-variant-ligatures: normal; font-variant-caps: normal; letter-spacing: normal; orphans: 2; text-indent: 0px; text-transform: none; white-space: normal; widows: 2; word-spacing: 0px; -webkit-text-stroke-width: 0px; background-color: rgb(255, 255, 255); text-decoration-style: initial; text-decoration-color: initial;\">对于以上xadmin和djangoueditor 的安装，本人建议直接集成在pycharm中，而不是装在虚拟环境中。因为xadmin中如果需要集成插件的话，需要对其进行添加；而djangoueditor采用pip安装的话，只能用在Python2版本中。</p><p style=\"box-sizing: border-box; outline: 0px; padding: 0px; margin: 0px 0px 16px; font-size: 16px; color: rgb(79, 79, 79); font-weight: normal; line-height: 26px; text-align: justify; word-break: break-all; font-family: -apple-system, &quot;SF UI Text&quot;, Arial, &quot;PingFang SC&quot;, &quot;Hiragino Sans GB&quot;, &quot;Microsoft YaHei&quot;, &quot;WenQuanYi Micro Hei&quot;, sans-serif, SimHei, SimSun; font-style: normal; font-variant-ligatures: normal; font-variant-caps: normal; letter-spacing: normal; orphans: 2; text-indent: 0px; text-transform: none; white-space: normal; widows: 2; word-spacing: 0px; -webkit-text-stroke-width: 0px; background-color: rgb(255, 255, 255); text-decoration-style: initial; text-decoration-color: initial;\">因此建议将源码包下载下来，并直接放在项目下的extra_apps中，如下所示：</p><p style=\"box-sizing: border-box; outline: 0px; padding: 0px; margin: 0px 0px 16px; font-size: 16px; color: rgb(79, 79, 79); font-weight: normal; line-height: 26px; text-align: justify; word-break: break-all; font-family: -apple-system, &quot;SF UI Text&quot;, Arial, &quot;PingFang SC&quot;, &quot;Hiragino Sans GB&quot;, &quot;Microsoft YaHei&quot;, &quot;WenQuanYi Micro Hei&quot;, sans-serif, SimHei, SimSun; font-style: normal; font-variant-ligatures: normal; font-variant-caps: normal; letter-spacing: normal; orphans: 2; text-indent: 0px; text-transform: none; white-space: normal; widows: 2; word-spacing: 0px; -webkit-text-stroke-width: 0px; background-color: rgb(255, 255, 255); text-decoration-style: initial; text-decoration-color: initial;\"><img src=\"https://img-blog.csdn.net/20180120151950476?watermark/2/text/aHR0cDovL2Jsb2cuY3Nkbi5uZXQvZ2Vlcm5peWE=/font/5a6L5L2T/fontsize/400/fill/I0JBQkFCMA==/dissolve/70/gravity/SouthEast\" alt=\"这里写图片描述\" title=\"\" style=\"box-sizing: border-box; outline: 0px; margin: 24px 0px; max-width: 100%; word-break: break-all; cursor: zoom-in;\"/></p><p><br/></p>', '0', '1', '2018-05-22 11:37:24.921000', '2018-05-22 11:37:24.922000', '4');
INSERT INTO `app_case` VALUES ('104', '标题20', '121gtt4385', 'pictures/case/2018/05/16/QQ截图20180514132821_h1qa4uD.png', '学生务必在每项内容填写摘要20', '1', '<p style=\"box-sizing: border-box; outline: 0px; padding: 0px; margin: 0px 0px 16px; font-size: 16px; color: rgb(79, 79, 79); font-weight: normal; line-height: 26px; text-align: justify; word-break: break-all; font-family: -apple-system, &quot;SF UI Text&quot;, Arial, &quot;PingFang SC&quot;, &quot;Hiragino Sans GB&quot;, &quot;Microsoft YaHei&quot;, &quot;WenQuanYi Micro Hei&quot;, sans-serif, SimHei, SimSun; font-style: normal; font-variant-ligatures: normal; font-variant-caps: normal; letter-spacing: normal; orphans: 2; text-indent: 0px; text-transform: none; white-space: normal; widows: 2; word-spacing: 0px; -webkit-text-stroke-width: 0px; background-color: rgb(255, 255, 255); text-decoration-style: initial; text-decoration-color: initial;\">xadmin为django后台管理系统admin的升级版，<a href=\"https://github.com/sshwsfc/xadmin\" target=\"_blank\" style=\"box-sizing: border-box; outline: 0px; color: rgb(103, 149, 181); text-decoration: none; cursor: pointer; word-break: break-all;\">点击进入github</a></p><p style=\"box-sizing: border-box; outline: 0px; padding: 0px; margin: 0px 0px 16px; font-size: 16px; color: rgb(79, 79, 79); font-weight: normal; line-height: 26px; text-align: justify; word-break: break-all; font-family: -apple-system, &quot;SF UI Text&quot;, Arial, &quot;PingFang SC&quot;, &quot;Hiragino Sans GB&quot;, &quot;Microsoft YaHei&quot;, &quot;WenQuanYi Micro Hei&quot;, sans-serif, SimHei, SimSun; font-style: normal; font-variant-ligatures: normal; font-variant-caps: normal; letter-spacing: normal; orphans: 2; text-indent: 0px; text-transform: none; white-space: normal; widows: 2; word-spacing: 0px; -webkit-text-stroke-width: 0px; background-color: rgb(255, 255, 255); text-decoration-style: initial; text-decoration-color: initial;\">在对后台进行编辑时，采用百度开源的富文本编辑器ueditor，本文采用djangoueditor，<a href=\"https://github.com/zhangfisher/DjangoUeditor\" target=\"_blank\" style=\"box-sizing: border-box; outline: 0px; color: rgb(103, 149, 181); text-decoration: none; cursor: pointer; word-break: break-all;\">源程序点此进入</a>。由于作者不再对其进行维护，这个版本不再适用于Python3版本，Python3的版本安装<span class=\"Apple-converted-space\">&nbsp;</span><a href=\"https://github.com/twz915/DjangoUeditor3\" target=\"_blank\" style=\"box-sizing: border-box; outline: 0px; color: rgb(103, 149, 181); text-decoration: none; cursor: pointer; word-break: break-all;\">点此进入</a>。</p><p style=\"box-sizing: border-box; outline: 0px; padding: 0px; margin: 0px 0px 16px; font-size: 16px; color: rgb(79, 79, 79); font-weight: normal; line-height: 26px; text-align: justify; word-break: break-all; font-family: -apple-system, &quot;SF UI Text&quot;, Arial, &quot;PingFang SC&quot;, &quot;Hiragino Sans GB&quot;, &quot;Microsoft YaHei&quot;, &quot;WenQuanYi Micro Hei&quot;, sans-serif, SimHei, SimSun; font-style: normal; font-variant-ligatures: normal; font-variant-caps: normal; letter-spacing: normal; orphans: 2; text-indent: 0px; text-transform: none; white-space: normal; widows: 2; word-spacing: 0px; -webkit-text-stroke-width: 0px; background-color: rgb(255, 255, 255); text-decoration-style: initial; text-decoration-color: initial;\">对于以上xadmin和djangoueditor 的安装，本人建议直接集成在pycharm中，而不是装在虚拟环境中。因为xadmin中如果需要集成插件的话，需要对其进行添加；而djangoueditor采用pip安装的话，只能用在Python2版本中。</p><p style=\"box-sizing: border-box; outline: 0px; padding: 0px; margin: 0px 0px 16px; font-size: 16px; color: rgb(79, 79, 79); font-weight: normal; line-height: 26px; text-align: justify; word-break: break-all; font-family: -apple-system, &quot;SF UI Text&quot;, Arial, &quot;PingFang SC&quot;, &quot;Hiragino Sans GB&quot;, &quot;Microsoft YaHei&quot;, &quot;WenQuanYi Micro Hei&quot;, sans-serif, SimHei, SimSun; font-style: normal; font-variant-ligatures: normal; font-variant-caps: normal; letter-spacing: normal; orphans: 2; text-indent: 0px; text-transform: none; white-space: normal; widows: 2; word-spacing: 0px; -webkit-text-stroke-width: 0px; background-color: rgb(255, 255, 255); text-decoration-style: initial; text-decoration-color: initial;\">因此建议将源码包下载下来，并直接放在项目下的extra_apps中，如下所示：</p><p style=\"box-sizing: border-box; outline: 0px; padding: 0px; margin: 0px 0px 16px; font-size: 16px; color: rgb(79, 79, 79); font-weight: normal; line-height: 26px; text-align: justify; word-break: break-all; font-family: -apple-system, &quot;SF UI Text&quot;, Arial, &quot;PingFang SC&quot;, &quot;Hiragino Sans GB&quot;, &quot;Microsoft YaHei&quot;, &quot;WenQuanYi Micro Hei&quot;, sans-serif, SimHei, SimSun; font-style: normal; font-variant-ligatures: normal; font-variant-caps: normal; letter-spacing: normal; orphans: 2; text-indent: 0px; text-transform: none; white-space: normal; widows: 2; word-spacing: 0px; -webkit-text-stroke-width: 0px; background-color: rgb(255, 255, 255); text-decoration-style: initial; text-decoration-color: initial;\"><img src=\"https://img-blog.csdn.net/20180120151950476?watermark/2/text/aHR0cDovL2Jsb2cuY3Nkbi5uZXQvZ2Vlcm5peWE=/font/5a6L5L2T/fontsize/400/fill/I0JBQkFCMA==/dissolve/70/gravity/SouthEast\" alt=\"这里写图片描述\" title=\"\" style=\"box-sizing: border-box; outline: 0px; margin: 24px 0px; max-width: 100%; word-break: break-all; cursor: zoom-in;\"/></p><p><br/></p>', '0', '1', '2018-05-22 11:37:24.923000', '2018-05-22 11:37:24.925000', '2');
INSERT INTO `app_case` VALUES ('105', '标题21', '121gtt4386', 'pictures/case/2018/05/16/QQ截图20180514132743_fXRcWFf.png', '学生务必在每项内容填写摘要21', '0', '<p style=\"box-sizing: border-box; outline: 0px; padding: 0px; margin: 0px 0px 16px; font-size: 16px; color: rgb(79, 79, 79); font-weight: normal; line-height: 26px; text-align: justify; word-break: break-all; font-family: -apple-system, &quot;SF UI Text&quot;, Arial, &quot;PingFang SC&quot;, &quot;Hiragino Sans GB&quot;, &quot;Microsoft YaHei&quot;, &quot;WenQuanYi Micro Hei&quot;, sans-serif, SimHei, SimSun; font-style: normal; font-variant-ligatures: normal; font-variant-caps: normal; letter-spacing: normal; orphans: 2; text-indent: 0px; text-transform: none; white-space: normal; widows: 2; word-spacing: 0px; -webkit-text-stroke-width: 0px; background-color: rgb(255, 255, 255); text-decoration-style: initial; text-decoration-color: initial;\">xadmin为django后台管理系统admin的升级版，<a href=\"https://github.com/sshwsfc/xadmin\" target=\"_blank\" style=\"box-sizing: border-box; outline: 0px; color: rgb(103, 149, 181); text-decoration: none; cursor: pointer; word-break: break-all;\">点击进入github</a></p><p style=\"box-sizing: border-box; outline: 0px; padding: 0px; margin: 0px 0px 16px; font-size: 16px; color: rgb(79, 79, 79); font-weight: normal; line-height: 26px; text-align: justify; word-break: break-all; font-family: -apple-system, &quot;SF UI Text&quot;, Arial, &quot;PingFang SC&quot;, &quot;Hiragino Sans GB&quot;, &quot;Microsoft YaHei&quot;, &quot;WenQuanYi Micro Hei&quot;, sans-serif, SimHei, SimSun; font-style: normal; font-variant-ligatures: normal; font-variant-caps: normal; letter-spacing: normal; orphans: 2; text-indent: 0px; text-transform: none; white-space: normal; widows: 2; word-spacing: 0px; -webkit-text-stroke-width: 0px; background-color: rgb(255, 255, 255); text-decoration-style: initial; text-decoration-color: initial;\">在对后台进行编辑时，采用百度开源的富文本编辑器ueditor，本文采用djangoueditor，<a href=\"https://github.com/zhangfisher/DjangoUeditor\" target=\"_blank\" style=\"box-sizing: border-box; outline: 0px; color: rgb(103, 149, 181); text-decoration: none; cursor: pointer; word-break: break-all;\">源程序点此进入</a>。由于作者不再对其进行维护，这个版本不再适用于Python3版本，Python3的版本安装<span class=\"Apple-converted-space\">&nbsp;</span><a href=\"https://github.com/twz915/DjangoUeditor3\" target=\"_blank\" style=\"box-sizing: border-box; outline: 0px; color: rgb(103, 149, 181); text-decoration: none; cursor: pointer; word-break: break-all;\">点此进入</a>。</p><p style=\"box-sizing: border-box; outline: 0px; padding: 0px; margin: 0px 0px 16px; font-size: 16px; color: rgb(79, 79, 79); font-weight: normal; line-height: 26px; text-align: justify; word-break: break-all; font-family: -apple-system, &quot;SF UI Text&quot;, Arial, &quot;PingFang SC&quot;, &quot;Hiragino Sans GB&quot;, &quot;Microsoft YaHei&quot;, &quot;WenQuanYi Micro Hei&quot;, sans-serif, SimHei, SimSun; font-style: normal; font-variant-ligatures: normal; font-variant-caps: normal; letter-spacing: normal; orphans: 2; text-indent: 0px; text-transform: none; white-space: normal; widows: 2; word-spacing: 0px; -webkit-text-stroke-width: 0px; background-color: rgb(255, 255, 255); text-decoration-style: initial; text-decoration-color: initial;\">对于以上xadmin和djangoueditor 的安装，本人建议直接集成在pycharm中，而不是装在虚拟环境中。因为xadmin中如果需要集成插件的话，需要对其进行添加；而djangoueditor采用pip安装的话，只能用在Python2版本中。</p><p style=\"box-sizing: border-box; outline: 0px; padding: 0px; margin: 0px 0px 16px; font-size: 16px; color: rgb(79, 79, 79); font-weight: normal; line-height: 26px; text-align: justify; word-break: break-all; font-family: -apple-system, &quot;SF UI Text&quot;, Arial, &quot;PingFang SC&quot;, &quot;Hiragino Sans GB&quot;, &quot;Microsoft YaHei&quot;, &quot;WenQuanYi Micro Hei&quot;, sans-serif, SimHei, SimSun; font-style: normal; font-variant-ligatures: normal; font-variant-caps: normal; letter-spacing: normal; orphans: 2; text-indent: 0px; text-transform: none; white-space: normal; widows: 2; word-spacing: 0px; -webkit-text-stroke-width: 0px; background-color: rgb(255, 255, 255); text-decoration-style: initial; text-decoration-color: initial;\">因此建议将源码包下载下来，并直接放在项目下的extra_apps中，如下所示：</p><p style=\"box-sizing: border-box; outline: 0px; padding: 0px; margin: 0px 0px 16px; font-size: 16px; color: rgb(79, 79, 79); font-weight: normal; line-height: 26px; text-align: justify; word-break: break-all; font-family: -apple-system, &quot;SF UI Text&quot;, Arial, &quot;PingFang SC&quot;, &quot;Hiragino Sans GB&quot;, &quot;Microsoft YaHei&quot;, &quot;WenQuanYi Micro Hei&quot;, sans-serif, SimHei, SimSun; font-style: normal; font-variant-ligatures: normal; font-variant-caps: normal; letter-spacing: normal; orphans: 2; text-indent: 0px; text-transform: none; white-space: normal; widows: 2; word-spacing: 0px; -webkit-text-stroke-width: 0px; background-color: rgb(255, 255, 255); text-decoration-style: initial; text-decoration-color: initial;\"><img src=\"https://img-blog.csdn.net/20180120151950476?watermark/2/text/aHR0cDovL2Jsb2cuY3Nkbi5uZXQvZ2Vlcm5peWE=/font/5a6L5L2T/fontsize/400/fill/I0JBQkFCMA==/dissolve/70/gravity/SouthEast\" alt=\"这里写图片描述\" title=\"\" style=\"box-sizing: border-box; outline: 0px; margin: 24px 0px; max-width: 100%; word-break: break-all; cursor: zoom-in;\"/></p><p><br/></p>', '0', '1', '2018-05-22 11:37:24.926000', '2018-05-22 11:37:24.927000', '1');
INSERT INTO `app_case` VALUES ('106', '标题22', '121gtt4387', 'pictures/case/2018/05/16/QQ截图20180514132821_h1qa4uD.png', '学生务必在每项内容填写摘要22', '2', '<p style=\"box-sizing: border-box; outline: 0px; padding: 0px; margin: 0px 0px 16px; font-size: 16px; color: rgb(79, 79, 79); font-weight: normal; line-height: 26px; text-align: justify; word-break: break-all; font-family: -apple-system, &quot;SF UI Text&quot;, Arial, &quot;PingFang SC&quot;, &quot;Hiragino Sans GB&quot;, &quot;Microsoft YaHei&quot;, &quot;WenQuanYi Micro Hei&quot;, sans-serif, SimHei, SimSun; font-style: normal; font-variant-ligatures: normal; font-variant-caps: normal; letter-spacing: normal; orphans: 2; text-indent: 0px; text-transform: none; white-space: normal; widows: 2; word-spacing: 0px; -webkit-text-stroke-width: 0px; background-color: rgb(255, 255, 255); text-decoration-style: initial; text-decoration-color: initial;\">xadmin为django后台管理系统admin的升级版，<a href=\"https://github.com/sshwsfc/xadmin\" target=\"_blank\" style=\"box-sizing: border-box; outline: 0px; color: rgb(103, 149, 181); text-decoration: none; cursor: pointer; word-break: break-all;\">点击进入github</a></p><p style=\"box-sizing: border-box; outline: 0px; padding: 0px; margin: 0px 0px 16px; font-size: 16px; color: rgb(79, 79, 79); font-weight: normal; line-height: 26px; text-align: justify; word-break: break-all; font-family: -apple-system, &quot;SF UI Text&quot;, Arial, &quot;PingFang SC&quot;, &quot;Hiragino Sans GB&quot;, &quot;Microsoft YaHei&quot;, &quot;WenQuanYi Micro Hei&quot;, sans-serif, SimHei, SimSun; font-style: normal; font-variant-ligatures: normal; font-variant-caps: normal; letter-spacing: normal; orphans: 2; text-indent: 0px; text-transform: none; white-space: normal; widows: 2; word-spacing: 0px; -webkit-text-stroke-width: 0px; background-color: rgb(255, 255, 255); text-decoration-style: initial; text-decoration-color: initial;\">在对后台进行编辑时，采用百度开源的富文本编辑器ueditor，本文采用djangoueditor，<a href=\"https://github.com/zhangfisher/DjangoUeditor\" target=\"_blank\" style=\"box-sizing: border-box; outline: 0px; color: rgb(103, 149, 181); text-decoration: none; cursor: pointer; word-break: break-all;\">源程序点此进入</a>。由于作者不再对其进行维护，这个版本不再适用于Python3版本，Python3的版本安装<span class=\"Apple-converted-space\">&nbsp;</span><a href=\"https://github.com/twz915/DjangoUeditor3\" target=\"_blank\" style=\"box-sizing: border-box; outline: 0px; color: rgb(103, 149, 181); text-decoration: none; cursor: pointer; word-break: break-all;\">点此进入</a>。</p><p style=\"box-sizing: border-box; outline: 0px; padding: 0px; margin: 0px 0px 16px; font-size: 16px; color: rgb(79, 79, 79); font-weight: normal; line-height: 26px; text-align: justify; word-break: break-all; font-family: -apple-system, &quot;SF UI Text&quot;, Arial, &quot;PingFang SC&quot;, &quot;Hiragino Sans GB&quot;, &quot;Microsoft YaHei&quot;, &quot;WenQuanYi Micro Hei&quot;, sans-serif, SimHei, SimSun; font-style: normal; font-variant-ligatures: normal; font-variant-caps: normal; letter-spacing: normal; orphans: 2; text-indent: 0px; text-transform: none; white-space: normal; widows: 2; word-spacing: 0px; -webkit-text-stroke-width: 0px; background-color: rgb(255, 255, 255); text-decoration-style: initial; text-decoration-color: initial;\">对于以上xadmin和djangoueditor 的安装，本人建议直接集成在pycharm中，而不是装在虚拟环境中。因为xadmin中如果需要集成插件的话，需要对其进行添加；而djangoueditor采用pip安装的话，只能用在Python2版本中。</p><p style=\"box-sizing: border-box; outline: 0px; padding: 0px; margin: 0px 0px 16px; font-size: 16px; color: rgb(79, 79, 79); font-weight: normal; line-height: 26px; text-align: justify; word-break: break-all; font-family: -apple-system, &quot;SF UI Text&quot;, Arial, &quot;PingFang SC&quot;, &quot;Hiragino Sans GB&quot;, &quot;Microsoft YaHei&quot;, &quot;WenQuanYi Micro Hei&quot;, sans-serif, SimHei, SimSun; font-style: normal; font-variant-ligatures: normal; font-variant-caps: normal; letter-spacing: normal; orphans: 2; text-indent: 0px; text-transform: none; white-space: normal; widows: 2; word-spacing: 0px; -webkit-text-stroke-width: 0px; background-color: rgb(255, 255, 255); text-decoration-style: initial; text-decoration-color: initial;\">因此建议将源码包下载下来，并直接放在项目下的extra_apps中，如下所示：</p><p style=\"box-sizing: border-box; outline: 0px; padding: 0px; margin: 0px 0px 16px; font-size: 16px; color: rgb(79, 79, 79); font-weight: normal; line-height: 26px; text-align: justify; word-break: break-all; font-family: -apple-system, &quot;SF UI Text&quot;, Arial, &quot;PingFang SC&quot;, &quot;Hiragino Sans GB&quot;, &quot;Microsoft YaHei&quot;, &quot;WenQuanYi Micro Hei&quot;, sans-serif, SimHei, SimSun; font-style: normal; font-variant-ligatures: normal; font-variant-caps: normal; letter-spacing: normal; orphans: 2; text-indent: 0px; text-transform: none; white-space: normal; widows: 2; word-spacing: 0px; -webkit-text-stroke-width: 0px; background-color: rgb(255, 255, 255); text-decoration-style: initial; text-decoration-color: initial;\"><img src=\"https://img-blog.csdn.net/20180120151950476?watermark/2/text/aHR0cDovL2Jsb2cuY3Nkbi5uZXQvZ2Vlcm5peWE=/font/5a6L5L2T/fontsize/400/fill/I0JBQkFCMA==/dissolve/70/gravity/SouthEast\" alt=\"这里写图片描述\" title=\"\" style=\"box-sizing: border-box; outline: 0px; margin: 24px 0px; max-width: 100%; word-break: break-all; cursor: zoom-in;\"/></p><p><br/></p>', '0', '1', '2018-05-22 11:37:24.928000', '2018-05-22 11:37:24.929000', '3');
INSERT INTO `app_case` VALUES ('107', '标题23', '121gtt4388', 'pictures/case/2018/05/16/QQ截图20180514132743_fXRcWFf.png', '学生务必在每项内容填写摘要23', '0', '<p style=\"box-sizing: border-box; outline: 0px; padding: 0px; margin: 0px 0px 16px; font-size: 16px; color: rgb(79, 79, 79); font-weight: normal; line-height: 26px; text-align: justify; word-break: break-all; font-family: -apple-system, &quot;SF UI Text&quot;, Arial, &quot;PingFang SC&quot;, &quot;Hiragino Sans GB&quot;, &quot;Microsoft YaHei&quot;, &quot;WenQuanYi Micro Hei&quot;, sans-serif, SimHei, SimSun; font-style: normal; font-variant-ligatures: normal; font-variant-caps: normal; letter-spacing: normal; orphans: 2; text-indent: 0px; text-transform: none; white-space: normal; widows: 2; word-spacing: 0px; -webkit-text-stroke-width: 0px; background-color: rgb(255, 255, 255); text-decoration-style: initial; text-decoration-color: initial;\">xadmin为django后台管理系统admin的升级版，<a href=\"https://github.com/sshwsfc/xadmin\" target=\"_blank\" style=\"box-sizing: border-box; outline: 0px; color: rgb(103, 149, 181); text-decoration: none; cursor: pointer; word-break: break-all;\">点击进入github</a></p><p style=\"box-sizing: border-box; outline: 0px; padding: 0px; margin: 0px 0px 16px; font-size: 16px; color: rgb(79, 79, 79); font-weight: normal; line-height: 26px; text-align: justify; word-break: break-all; font-family: -apple-system, &quot;SF UI Text&quot;, Arial, &quot;PingFang SC&quot;, &quot;Hiragino Sans GB&quot;, &quot;Microsoft YaHei&quot;, &quot;WenQuanYi Micro Hei&quot;, sans-serif, SimHei, SimSun; font-style: normal; font-variant-ligatures: normal; font-variant-caps: normal; letter-spacing: normal; orphans: 2; text-indent: 0px; text-transform: none; white-space: normal; widows: 2; word-spacing: 0px; -webkit-text-stroke-width: 0px; background-color: rgb(255, 255, 255); text-decoration-style: initial; text-decoration-color: initial;\">在对后台进行编辑时，采用百度开源的富文本编辑器ueditor，本文采用djangoueditor，<a href=\"https://github.com/zhangfisher/DjangoUeditor\" target=\"_blank\" style=\"box-sizing: border-box; outline: 0px; color: rgb(103, 149, 181); text-decoration: none; cursor: pointer; word-break: break-all;\">源程序点此进入</a>。由于作者不再对其进行维护，这个版本不再适用于Python3版本，Python3的版本安装<span class=\"Apple-converted-space\">&nbsp;</span><a href=\"https://github.com/twz915/DjangoUeditor3\" target=\"_blank\" style=\"box-sizing: border-box; outline: 0px; color: rgb(103, 149, 181); text-decoration: none; cursor: pointer; word-break: break-all;\">点此进入</a>。</p><p style=\"box-sizing: border-box; outline: 0px; padding: 0px; margin: 0px 0px 16px; font-size: 16px; color: rgb(79, 79, 79); font-weight: normal; line-height: 26px; text-align: justify; word-break: break-all; font-family: -apple-system, &quot;SF UI Text&quot;, Arial, &quot;PingFang SC&quot;, &quot;Hiragino Sans GB&quot;, &quot;Microsoft YaHei&quot;, &quot;WenQuanYi Micro Hei&quot;, sans-serif, SimHei, SimSun; font-style: normal; font-variant-ligatures: normal; font-variant-caps: normal; letter-spacing: normal; orphans: 2; text-indent: 0px; text-transform: none; white-space: normal; widows: 2; word-spacing: 0px; -webkit-text-stroke-width: 0px; background-color: rgb(255, 255, 255); text-decoration-style: initial; text-decoration-color: initial;\">对于以上xadmin和djangoueditor 的安装，本人建议直接集成在pycharm中，而不是装在虚拟环境中。因为xadmin中如果需要集成插件的话，需要对其进行添加；而djangoueditor采用pip安装的话，只能用在Python2版本中。</p><p style=\"box-sizing: border-box; outline: 0px; padding: 0px; margin: 0px 0px 16px; font-size: 16px; color: rgb(79, 79, 79); font-weight: normal; line-height: 26px; text-align: justify; word-break: break-all; font-family: -apple-system, &quot;SF UI Text&quot;, Arial, &quot;PingFang SC&quot;, &quot;Hiragino Sans GB&quot;, &quot;Microsoft YaHei&quot;, &quot;WenQuanYi Micro Hei&quot;, sans-serif, SimHei, SimSun; font-style: normal; font-variant-ligatures: normal; font-variant-caps: normal; letter-spacing: normal; orphans: 2; text-indent: 0px; text-transform: none; white-space: normal; widows: 2; word-spacing: 0px; -webkit-text-stroke-width: 0px; background-color: rgb(255, 255, 255); text-decoration-style: initial; text-decoration-color: initial;\">因此建议将源码包下载下来，并直接放在项目下的extra_apps中，如下所示：</p><p style=\"box-sizing: border-box; outline: 0px; padding: 0px; margin: 0px 0px 16px; font-size: 16px; color: rgb(79, 79, 79); font-weight: normal; line-height: 26px; text-align: justify; word-break: break-all; font-family: -apple-system, &quot;SF UI Text&quot;, Arial, &quot;PingFang SC&quot;, &quot;Hiragino Sans GB&quot;, &quot;Microsoft YaHei&quot;, &quot;WenQuanYi Micro Hei&quot;, sans-serif, SimHei, SimSun; font-style: normal; font-variant-ligatures: normal; font-variant-caps: normal; letter-spacing: normal; orphans: 2; text-indent: 0px; text-transform: none; white-space: normal; widows: 2; word-spacing: 0px; -webkit-text-stroke-width: 0px; background-color: rgb(255, 255, 255); text-decoration-style: initial; text-decoration-color: initial;\"><img src=\"https://img-blog.csdn.net/20180120151950476?watermark/2/text/aHR0cDovL2Jsb2cuY3Nkbi5uZXQvZ2Vlcm5peWE=/font/5a6L5L2T/fontsize/400/fill/I0JBQkFCMA==/dissolve/70/gravity/SouthEast\" alt=\"这里写图片描述\" title=\"\" style=\"box-sizing: border-box; outline: 0px; margin: 24px 0px; max-width: 100%; word-break: break-all; cursor: zoom-in;\"/></p><p><br/></p>', '0', '1', '2018-05-22 11:37:24.930000', '2018-05-22 11:37:24.931000', '4');
INSERT INTO `app_case` VALUES ('108', '标题24', '121gtt4389', 'pictures/case/2018/05/16/QQ截图20180514132821_h1qa4uD.png', '学生务必在每项内容填写摘要24', '1', '<p style=\"box-sizing: border-box; outline: 0px; padding: 0px; margin: 0px 0px 16px; font-size: 16px; color: rgb(79, 79, 79); font-weight: normal; line-height: 26px; text-align: justify; word-break: break-all; font-family: -apple-system, &quot;SF UI Text&quot;, Arial, &quot;PingFang SC&quot;, &quot;Hiragino Sans GB&quot;, &quot;Microsoft YaHei&quot;, &quot;WenQuanYi Micro Hei&quot;, sans-serif, SimHei, SimSun; font-style: normal; font-variant-ligatures: normal; font-variant-caps: normal; letter-spacing: normal; orphans: 2; text-indent: 0px; text-transform: none; white-space: normal; widows: 2; word-spacing: 0px; -webkit-text-stroke-width: 0px; background-color: rgb(255, 255, 255); text-decoration-style: initial; text-decoration-color: initial;\">xadmin为django后台管理系统admin的升级版，<a href=\"https://github.com/sshwsfc/xadmin\" target=\"_blank\" style=\"box-sizing: border-box; outline: 0px; color: rgb(103, 149, 181); text-decoration: none; cursor: pointer; word-break: break-all;\">点击进入github</a></p><p style=\"box-sizing: border-box; outline: 0px; padding: 0px; margin: 0px 0px 16px; font-size: 16px; color: rgb(79, 79, 79); font-weight: normal; line-height: 26px; text-align: justify; word-break: break-all; font-family: -apple-system, &quot;SF UI Text&quot;, Arial, &quot;PingFang SC&quot;, &quot;Hiragino Sans GB&quot;, &quot;Microsoft YaHei&quot;, &quot;WenQuanYi Micro Hei&quot;, sans-serif, SimHei, SimSun; font-style: normal; font-variant-ligatures: normal; font-variant-caps: normal; letter-spacing: normal; orphans: 2; text-indent: 0px; text-transform: none; white-space: normal; widows: 2; word-spacing: 0px; -webkit-text-stroke-width: 0px; background-color: rgb(255, 255, 255); text-decoration-style: initial; text-decoration-color: initial;\">在对后台进行编辑时，采用百度开源的富文本编辑器ueditor，本文采用djangoueditor，<a href=\"https://github.com/zhangfisher/DjangoUeditor\" target=\"_blank\" style=\"box-sizing: border-box; outline: 0px; color: rgb(103, 149, 181); text-decoration: none; cursor: pointer; word-break: break-all;\">源程序点此进入</a>。由于作者不再对其进行维护，这个版本不再适用于Python3版本，Python3的版本安装<span class=\"Apple-converted-space\">&nbsp;</span><a href=\"https://github.com/twz915/DjangoUeditor3\" target=\"_blank\" style=\"box-sizing: border-box; outline: 0px; color: rgb(103, 149, 181); text-decoration: none; cursor: pointer; word-break: break-all;\">点此进入</a>。</p><p style=\"box-sizing: border-box; outline: 0px; padding: 0px; margin: 0px 0px 16px; font-size: 16px; color: rgb(79, 79, 79); font-weight: normal; line-height: 26px; text-align: justify; word-break: break-all; font-family: -apple-system, &quot;SF UI Text&quot;, Arial, &quot;PingFang SC&quot;, &quot;Hiragino Sans GB&quot;, &quot;Microsoft YaHei&quot;, &quot;WenQuanYi Micro Hei&quot;, sans-serif, SimHei, SimSun; font-style: normal; font-variant-ligatures: normal; font-variant-caps: normal; letter-spacing: normal; orphans: 2; text-indent: 0px; text-transform: none; white-space: normal; widows: 2; word-spacing: 0px; -webkit-text-stroke-width: 0px; background-color: rgb(255, 255, 255); text-decoration-style: initial; text-decoration-color: initial;\">对于以上xadmin和djangoueditor 的安装，本人建议直接集成在pycharm中，而不是装在虚拟环境中。因为xadmin中如果需要集成插件的话，需要对其进行添加；而djangoueditor采用pip安装的话，只能用在Python2版本中。</p><p style=\"box-sizing: border-box; outline: 0px; padding: 0px; margin: 0px 0px 16px; font-size: 16px; color: rgb(79, 79, 79); font-weight: normal; line-height: 26px; text-align: justify; word-break: break-all; font-family: -apple-system, &quot;SF UI Text&quot;, Arial, &quot;PingFang SC&quot;, &quot;Hiragino Sans GB&quot;, &quot;Microsoft YaHei&quot;, &quot;WenQuanYi Micro Hei&quot;, sans-serif, SimHei, SimSun; font-style: normal; font-variant-ligatures: normal; font-variant-caps: normal; letter-spacing: normal; orphans: 2; text-indent: 0px; text-transform: none; white-space: normal; widows: 2; word-spacing: 0px; -webkit-text-stroke-width: 0px; background-color: rgb(255, 255, 255); text-decoration-style: initial; text-decoration-color: initial;\">因此建议将源码包下载下来，并直接放在项目下的extra_apps中，如下所示：</p><p style=\"box-sizing: border-box; outline: 0px; padding: 0px; margin: 0px 0px 16px; font-size: 16px; color: rgb(79, 79, 79); font-weight: normal; line-height: 26px; text-align: justify; word-break: break-all; font-family: -apple-system, &quot;SF UI Text&quot;, Arial, &quot;PingFang SC&quot;, &quot;Hiragino Sans GB&quot;, &quot;Microsoft YaHei&quot;, &quot;WenQuanYi Micro Hei&quot;, sans-serif, SimHei, SimSun; font-style: normal; font-variant-ligatures: normal; font-variant-caps: normal; letter-spacing: normal; orphans: 2; text-indent: 0px; text-transform: none; white-space: normal; widows: 2; word-spacing: 0px; -webkit-text-stroke-width: 0px; background-color: rgb(255, 255, 255); text-decoration-style: initial; text-decoration-color: initial;\"><img src=\"https://img-blog.csdn.net/20180120151950476?watermark/2/text/aHR0cDovL2Jsb2cuY3Nkbi5uZXQvZ2Vlcm5peWE=/font/5a6L5L2T/fontsize/400/fill/I0JBQkFCMA==/dissolve/70/gravity/SouthEast\" alt=\"这里写图片描述\" title=\"\" style=\"box-sizing: border-box; outline: 0px; margin: 24px 0px; max-width: 100%; word-break: break-all; cursor: zoom-in;\"/></p><p><br/></p>', '0', '1', '2018-05-22 11:37:24.932000', '2018-05-22 11:37:24.933000', '2');
INSERT INTO `app_case` VALUES ('109', '标题25', '121gtt4390', 'pictures/case/2018/05/16/QQ截图20180514132743_fXRcWFf.png', '学生务必在每项内容填写摘要25', '0', '<p style=\"box-sizing: border-box; outline: 0px; padding: 0px; margin: 0px 0px 16px; font-size: 16px; color: rgb(79, 79, 79); font-weight: normal; line-height: 26px; text-align: justify; word-break: break-all; font-family: -apple-system, &quot;SF UI Text&quot;, Arial, &quot;PingFang SC&quot;, &quot;Hiragino Sans GB&quot;, &quot;Microsoft YaHei&quot;, &quot;WenQuanYi Micro Hei&quot;, sans-serif, SimHei, SimSun; font-style: normal; font-variant-ligatures: normal; font-variant-caps: normal; letter-spacing: normal; orphans: 2; text-indent: 0px; text-transform: none; white-space: normal; widows: 2; word-spacing: 0px; -webkit-text-stroke-width: 0px; background-color: rgb(255, 255, 255); text-decoration-style: initial; text-decoration-color: initial;\">xadmin为django后台管理系统admin的升级版，<a href=\"https://github.com/sshwsfc/xadmin\" target=\"_blank\" style=\"box-sizing: border-box; outline: 0px; color: rgb(103, 149, 181); text-decoration: none; cursor: pointer; word-break: break-all;\">点击进入github</a></p><p style=\"box-sizing: border-box; outline: 0px; padding: 0px; margin: 0px 0px 16px; font-size: 16px; color: rgb(79, 79, 79); font-weight: normal; line-height: 26px; text-align: justify; word-break: break-all; font-family: -apple-system, &quot;SF UI Text&quot;, Arial, &quot;PingFang SC&quot;, &quot;Hiragino Sans GB&quot;, &quot;Microsoft YaHei&quot;, &quot;WenQuanYi Micro Hei&quot;, sans-serif, SimHei, SimSun; font-style: normal; font-variant-ligatures: normal; font-variant-caps: normal; letter-spacing: normal; orphans: 2; text-indent: 0px; text-transform: none; white-space: normal; widows: 2; word-spacing: 0px; -webkit-text-stroke-width: 0px; background-color: rgb(255, 255, 255); text-decoration-style: initial; text-decoration-color: initial;\">在对后台进行编辑时，采用百度开源的富文本编辑器ueditor，本文采用djangoueditor，<a href=\"https://github.com/zhangfisher/DjangoUeditor\" target=\"_blank\" style=\"box-sizing: border-box; outline: 0px; color: rgb(103, 149, 181); text-decoration: none; cursor: pointer; word-break: break-all;\">源程序点此进入</a>。由于作者不再对其进行维护，这个版本不再适用于Python3版本，Python3的版本安装<span class=\"Apple-converted-space\">&nbsp;</span><a href=\"https://github.com/twz915/DjangoUeditor3\" target=\"_blank\" style=\"box-sizing: border-box; outline: 0px; color: rgb(103, 149, 181); text-decoration: none; cursor: pointer; word-break: break-all;\">点此进入</a>。</p><p style=\"box-sizing: border-box; outline: 0px; padding: 0px; margin: 0px 0px 16px; font-size: 16px; color: rgb(79, 79, 79); font-weight: normal; line-height: 26px; text-align: justify; word-break: break-all; font-family: -apple-system, &quot;SF UI Text&quot;, Arial, &quot;PingFang SC&quot;, &quot;Hiragino Sans GB&quot;, &quot;Microsoft YaHei&quot;, &quot;WenQuanYi Micro Hei&quot;, sans-serif, SimHei, SimSun; font-style: normal; font-variant-ligatures: normal; font-variant-caps: normal; letter-spacing: normal; orphans: 2; text-indent: 0px; text-transform: none; white-space: normal; widows: 2; word-spacing: 0px; -webkit-text-stroke-width: 0px; background-color: rgb(255, 255, 255); text-decoration-style: initial; text-decoration-color: initial;\">对于以上xadmin和djangoueditor 的安装，本人建议直接集成在pycharm中，而不是装在虚拟环境中。因为xadmin中如果需要集成插件的话，需要对其进行添加；而djangoueditor采用pip安装的话，只能用在Python2版本中。</p><p style=\"box-sizing: border-box; outline: 0px; padding: 0px; margin: 0px 0px 16px; font-size: 16px; color: rgb(79, 79, 79); font-weight: normal; line-height: 26px; text-align: justify; word-break: break-all; font-family: -apple-system, &quot;SF UI Text&quot;, Arial, &quot;PingFang SC&quot;, &quot;Hiragino Sans GB&quot;, &quot;Microsoft YaHei&quot;, &quot;WenQuanYi Micro Hei&quot;, sans-serif, SimHei, SimSun; font-style: normal; font-variant-ligatures: normal; font-variant-caps: normal; letter-spacing: normal; orphans: 2; text-indent: 0px; text-transform: none; white-space: normal; widows: 2; word-spacing: 0px; -webkit-text-stroke-width: 0px; background-color: rgb(255, 255, 255); text-decoration-style: initial; text-decoration-color: initial;\">因此建议将源码包下载下来，并直接放在项目下的extra_apps中，如下所示：</p><p style=\"box-sizing: border-box; outline: 0px; padding: 0px; margin: 0px 0px 16px; font-size: 16px; color: rgb(79, 79, 79); font-weight: normal; line-height: 26px; text-align: justify; word-break: break-all; font-family: -apple-system, &quot;SF UI Text&quot;, Arial, &quot;PingFang SC&quot;, &quot;Hiragino Sans GB&quot;, &quot;Microsoft YaHei&quot;, &quot;WenQuanYi Micro Hei&quot;, sans-serif, SimHei, SimSun; font-style: normal; font-variant-ligatures: normal; font-variant-caps: normal; letter-spacing: normal; orphans: 2; text-indent: 0px; text-transform: none; white-space: normal; widows: 2; word-spacing: 0px; -webkit-text-stroke-width: 0px; background-color: rgb(255, 255, 255); text-decoration-style: initial; text-decoration-color: initial;\"><img src=\"https://img-blog.csdn.net/20180120151950476?watermark/2/text/aHR0cDovL2Jsb2cuY3Nkbi5uZXQvZ2Vlcm5peWE=/font/5a6L5L2T/fontsize/400/fill/I0JBQkFCMA==/dissolve/70/gravity/SouthEast\" alt=\"这里写图片描述\" title=\"\" style=\"box-sizing: border-box; outline: 0px; margin: 24px 0px; max-width: 100%; word-break: break-all; cursor: zoom-in;\"/></p><p><br/></p>', '0', '1', '2018-05-22 11:37:24.934000', '2018-05-22 11:37:24.935000', '1');
INSERT INTO `app_case` VALUES ('110', '标题26', '121gtt4391', 'pictures/case/2018/05/16/QQ截图20180514132821_h1qa4uD.png', '学生务必在每项内容填写摘要26', '0', '<p style=\"box-sizing: border-box; outline: 0px; padding: 0px; margin: 0px 0px 16px; font-size: 16px; color: rgb(79, 79, 79); font-weight: normal; line-height: 26px; text-align: justify; word-break: break-all; font-family: -apple-system, &quot;SF UI Text&quot;, Arial, &quot;PingFang SC&quot;, &quot;Hiragino Sans GB&quot;, &quot;Microsoft YaHei&quot;, &quot;WenQuanYi Micro Hei&quot;, sans-serif, SimHei, SimSun; font-style: normal; font-variant-ligatures: normal; font-variant-caps: normal; letter-spacing: normal; orphans: 2; text-indent: 0px; text-transform: none; white-space: normal; widows: 2; word-spacing: 0px; -webkit-text-stroke-width: 0px; background-color: rgb(255, 255, 255); text-decoration-style: initial; text-decoration-color: initial;\">xadmin为django后台管理系统admin的升级版，<a href=\"https://github.com/sshwsfc/xadmin\" target=\"_blank\" style=\"box-sizing: border-box; outline: 0px; color: rgb(103, 149, 181); text-decoration: none; cursor: pointer; word-break: break-all;\">点击进入github</a></p><p style=\"box-sizing: border-box; outline: 0px; padding: 0px; margin: 0px 0px 16px; font-size: 16px; color: rgb(79, 79, 79); font-weight: normal; line-height: 26px; text-align: justify; word-break: break-all; font-family: -apple-system, &quot;SF UI Text&quot;, Arial, &quot;PingFang SC&quot;, &quot;Hiragino Sans GB&quot;, &quot;Microsoft YaHei&quot;, &quot;WenQuanYi Micro Hei&quot;, sans-serif, SimHei, SimSun; font-style: normal; font-variant-ligatures: normal; font-variant-caps: normal; letter-spacing: normal; orphans: 2; text-indent: 0px; text-transform: none; white-space: normal; widows: 2; word-spacing: 0px; -webkit-text-stroke-width: 0px; background-color: rgb(255, 255, 255); text-decoration-style: initial; text-decoration-color: initial;\">在对后台进行编辑时，采用百度开源的富文本编辑器ueditor，本文采用djangoueditor，<a href=\"https://github.com/zhangfisher/DjangoUeditor\" target=\"_blank\" style=\"box-sizing: border-box; outline: 0px; color: rgb(103, 149, 181); text-decoration: none; cursor: pointer; word-break: break-all;\">源程序点此进入</a>。由于作者不再对其进行维护，这个版本不再适用于Python3版本，Python3的版本安装<span class=\"Apple-converted-space\">&nbsp;</span><a href=\"https://github.com/twz915/DjangoUeditor3\" target=\"_blank\" style=\"box-sizing: border-box; outline: 0px; color: rgb(103, 149, 181); text-decoration: none; cursor: pointer; word-break: break-all;\">点此进入</a>。</p><p style=\"box-sizing: border-box; outline: 0px; padding: 0px; margin: 0px 0px 16px; font-size: 16px; color: rgb(79, 79, 79); font-weight: normal; line-height: 26px; text-align: justify; word-break: break-all; font-family: -apple-system, &quot;SF UI Text&quot;, Arial, &quot;PingFang SC&quot;, &quot;Hiragino Sans GB&quot;, &quot;Microsoft YaHei&quot;, &quot;WenQuanYi Micro Hei&quot;, sans-serif, SimHei, SimSun; font-style: normal; font-variant-ligatures: normal; font-variant-caps: normal; letter-spacing: normal; orphans: 2; text-indent: 0px; text-transform: none; white-space: normal; widows: 2; word-spacing: 0px; -webkit-text-stroke-width: 0px; background-color: rgb(255, 255, 255); text-decoration-style: initial; text-decoration-color: initial;\">对于以上xadmin和djangoueditor 的安装，本人建议直接集成在pycharm中，而不是装在虚拟环境中。因为xadmin中如果需要集成插件的话，需要对其进行添加；而djangoueditor采用pip安装的话，只能用在Python2版本中。</p><p style=\"box-sizing: border-box; outline: 0px; padding: 0px; margin: 0px 0px 16px; font-size: 16px; color: rgb(79, 79, 79); font-weight: normal; line-height: 26px; text-align: justify; word-break: break-all; font-family: -apple-system, &quot;SF UI Text&quot;, Arial, &quot;PingFang SC&quot;, &quot;Hiragino Sans GB&quot;, &quot;Microsoft YaHei&quot;, &quot;WenQuanYi Micro Hei&quot;, sans-serif, SimHei, SimSun; font-style: normal; font-variant-ligatures: normal; font-variant-caps: normal; letter-spacing: normal; orphans: 2; text-indent: 0px; text-transform: none; white-space: normal; widows: 2; word-spacing: 0px; -webkit-text-stroke-width: 0px; background-color: rgb(255, 255, 255); text-decoration-style: initial; text-decoration-color: initial;\">因此建议将源码包下载下来，并直接放在项目下的extra_apps中，如下所示：</p><p style=\"box-sizing: border-box; outline: 0px; padding: 0px; margin: 0px 0px 16px; font-size: 16px; color: rgb(79, 79, 79); font-weight: normal; line-height: 26px; text-align: justify; word-break: break-all; font-family: -apple-system, &quot;SF UI Text&quot;, Arial, &quot;PingFang SC&quot;, &quot;Hiragino Sans GB&quot;, &quot;Microsoft YaHei&quot;, &quot;WenQuanYi Micro Hei&quot;, sans-serif, SimHei, SimSun; font-style: normal; font-variant-ligatures: normal; font-variant-caps: normal; letter-spacing: normal; orphans: 2; text-indent: 0px; text-transform: none; white-space: normal; widows: 2; word-spacing: 0px; -webkit-text-stroke-width: 0px; background-color: rgb(255, 255, 255); text-decoration-style: initial; text-decoration-color: initial;\"><img src=\"https://img-blog.csdn.net/20180120151950476?watermark/2/text/aHR0cDovL2Jsb2cuY3Nkbi5uZXQvZ2Vlcm5peWE=/font/5a6L5L2T/fontsize/400/fill/I0JBQkFCMA==/dissolve/70/gravity/SouthEast\" alt=\"这里写图片描述\" title=\"\" style=\"box-sizing: border-box; outline: 0px; margin: 24px 0px; max-width: 100%; word-break: break-all; cursor: zoom-in;\"/></p><p><br/></p>', '0', '1', '2018-05-22 11:37:24.937000', '2018-05-22 11:37:24.938000', '4');

-- ----------------------------
-- Table structure for app_casetype
-- ----------------------------
DROP TABLE IF EXISTS `app_casetype`;
CREATE TABLE `app_casetype` (
  `id` int(11) NOT NULL AUTO_INCREMENT,
  `name` varchar(256) NOT NULL,
  `intro` longtext NOT NULL,
  `nav_display` tinyint(1) NOT NULL,
  `home_display` tinyint(1) NOT NULL,
  PRIMARY KEY (`id`)
) ENGINE=InnoDB AUTO_INCREMENT=5 DEFAULT CHARSET=utf8;

-- ----------------------------
-- Records of app_casetype
-- ----------------------------
INSERT INTO `app_casetype` VALUES ('1', '微信开发', '', '1', '1');
INSERT INTO `app_casetype` VALUES ('2', '公司网站', '', '1', '1');
INSERT INTO `app_casetype` VALUES ('3', '购物网站', '', '1', '1');
INSERT INTO `app_casetype` VALUES ('4', '在线教育', '', '1', '1');

-- ----------------------------
-- Table structure for app_customer
-- ----------------------------
DROP TABLE IF EXISTS `app_customer`;
CREATE TABLE `app_customer` (
  `id` int(11) NOT NULL AUTO_INCREMENT,
  `title` varchar(256) NOT NULL,
  `img` varchar(100) NOT NULL,
  `slug` varchar(100) NOT NULL,
  `content` longtext NOT NULL,
  `views` int(10) unsigned NOT NULL,
  `is_publish` tinyint(1) NOT NULL,
  `pub_date` datetime(6) NOT NULL,
  `update_time` datetime(6) DEFAULT NULL,
  `type_id` int(11) NOT NULL,
  PRIMARY KEY (`id`),
  UNIQUE KEY `slug` (`slug`),
  KEY `app_customer_type_id_b35581f3_fk_app_customertype_id` (`type_id`),
  CONSTRAINT `app_customer_type_id_b35581f3_fk_app_customertype_id` FOREIGN KEY (`type_id`) REFERENCES `app_customertype` (`id`)
) ENGINE=InnoDB AUTO_INCREMENT=11 DEFAULT CHARSET=utf8;

-- ----------------------------
-- Records of app_customer
-- ----------------------------
INSERT INTO `app_customer` VALUES ('1', '中国广核集团', 'pictures/customer/2018/05/17/TB16zRveILJ8KJjy0FnXXcFDpXa-200-200.png', '广核集团', '<p><span style=\"color: rgb(153, 153, 153); font-family: &quot;Open Sans&quot;, Arial, &quot;Hiragino Sans GB&quot;, &quot;Microsoft YaHei&quot;, 微软雅黑, STHeiti, &quot;WenQuanYi Micro Hei&quot;, SimSun, sans-serif; font-size: 16px; font-style: normal; font-variant-ligatures: normal; font-variant-caps: normal; font-weight: normal; letter-spacing: normal; orphans: 2; text-align: left; text-indent: 0px; text-transform: none; white-space: normal; widows: 2; word-spacing: 0px; -webkit-text-stroke-width: 0px; text-decoration-style: initial; text-decoration-color: initial; display: inline !important; float: none;\">中国广核集团（简称中广核），原中国广东核电集团，是伴随我国改革开放和核电事业发展逐步成长壮大起来的中央企业，由核心企业中国广核集团有限公司及40多家主要成员公司组成的国家特大型企业集团。</span></p>', '5', '1', '2018-05-17 14:03:47.636000', '2018-05-17 17:55:14.948000', '1');
INSERT INTO `app_customer` VALUES ('2', '中铁十一局集团有限公司', 'pictures/customer/2018/05/17/customer1_2.png', 'zhongtie', '<p><span style=\"color: rgb(153, 153, 153); font-family: &quot;Open Sans&quot;, Arial, &quot;Hiragino Sans GB&quot;, &quot;Microsoft YaHei&quot;, 微软雅黑, STHeiti, &quot;WenQuanYi Micro Hei&quot;, SimSun, sans-serif; font-size: 16px; font-style: normal; font-variant-ligatures: normal; font-variant-caps: normal; font-weight: normal; letter-spacing: normal; orphans: 2; text-align: left; text-indent: 0px; text-transform: none; white-space: normal; widows: 2; word-spacing: 0px; -webkit-text-stroke-width: 0px; text-decoration-style: initial; text-decoration-color: initial; display: inline !important; float: none;\">中铁十一局集团有限公司是国有独资的特大型施工单位。</span></p>', '1', '1', '2018-05-17 14:04:40.930000', '2018-05-17 14:04:40.930000', '1');
INSERT INTO `app_customer` VALUES ('3', '中国中车股份有限公司', 'pictures/customer/2018/05/17/customer1_3.png', '中国中车股份有限公司', '<p><span style=\"color: rgb(153, 153, 153); font-family: &quot;Open Sans&quot;, Arial, &quot;Hiragino Sans GB&quot;, &quot;Microsoft YaHei&quot;, 微软雅黑, STHeiti, &quot;WenQuanYi Micro Hei&quot;, SimSun, sans-serif; font-size: 16px; font-style: normal; font-variant-ligatures: normal; font-variant-caps: normal; font-weight: normal; letter-spacing: normal; orphans: 2; text-align: left; text-indent: 0px; text-transform: none; white-space: normal; widows: 2; word-spacing: 0px; -webkit-text-stroke-width: 0px; text-decoration-style: initial; text-decoration-color: initial; display: inline !important; float: none;\">中国中车股份有限公司（中文简称“中国中车”，英文简称缩写“CRRC”）是经国务院同意，国务院国资委批准，由中国北车股份有限公司、中国南车股份有限公司按照对等原则合并组建的A+H股上市公司。</span></p>', '0', '1', '2018-05-17 14:13:54.797000', '2018-05-17 14:13:54.797000', '1');
INSERT INTO `app_customer` VALUES ('4', '首都机场集团', 'pictures/customer/2018/05/17/customer1_4.png', '首都机场集团', '<p><span style=\"color: rgb(153, 153, 153); font-family: &quot;Open Sans&quot;, Arial, &quot;Hiragino Sans GB&quot;, &quot;Microsoft YaHei&quot;, 微软雅黑, STHeiti, &quot;WenQuanYi Micro Hei&quot;, SimSun, sans-serif; font-size: 16px; font-style: normal; font-variant-ligatures: normal; font-variant-caps: normal; font-weight: normal; letter-spacing: normal; orphans: 2; text-align: left; text-indent: 0px; text-transform: none; white-space: normal; widows: 2; word-spacing: 0px; -webkit-text-stroke-width: 0px; text-decoration-style: initial; text-decoration-color: initial; display: inline !important; float: none;\">首都机场集团公司（英文缩写CAH）隶属于中国民用航空局，是一家跨地域、多元化的大型国有企业集团，中国医药集团有限公司</span></p>', '0', '1', '2018-05-17 14:14:17.180000', '2018-05-17 14:14:17.180000', '1');
INSERT INTO `app_customer` VALUES ('5', '山西晋煤集团技术研究院', 'pictures/customer/2018/05/17/customer2_1.png', '山西晋煤集团技术研究院', '<p><span style=\"color: rgb(153, 153, 153); font-family: &quot;Open Sans&quot;, Arial, &quot;Hiragino Sans GB&quot;, &quot;Microsoft YaHei&quot;, 微软雅黑, STHeiti, &quot;WenQuanYi Micro Hei&quot;, SimSun, sans-serif; font-size: 16px; font-style: normal; font-variant-ligatures: normal; font-variant-caps: normal; font-weight: normal; letter-spacing: normal; orphans: 2; text-align: left; text-indent: 0px; text-transform: none; white-space: normal; widows: 2; word-spacing: 0px; -webkit-text-stroke-width: 0px; text-decoration-style: initial; text-decoration-color: initial; display: inline !important; float: none;\">所属的晋煤集团是由山西省国资委控股，国开金融、中国信达持股的有限责任公司，是我国优质无烟煤重要的生产基地、全国最大的煤层气开发利用企业、最大的煤化工企业集团、最大的瓦斯发电企业和山西最具活力的煤机制造企业。</span></p>', '2', '1', '2018-05-17 14:14:53.585000', '2018-05-17 14:14:53.585000', '2');
INSERT INTO `app_customer` VALUES ('6', '宁波市计量测试研究院', 'pictures/customer/2018/05/17/customer2_2.png', '宁波市计量测试研究院', '<p><span style=\"color: rgb(153, 153, 153); font-family: &quot;Open Sans&quot;, Arial, &quot;Hiragino Sans GB&quot;, &quot;Microsoft YaHei&quot;, 微软雅黑, STHeiti, &quot;WenQuanYi Micro Hei&quot;, SimSun, sans-serif; font-size: 16px; font-style: normal; font-variant-ligatures: normal; font-variant-caps: normal; font-weight: normal; letter-spacing: normal; orphans: 2; text-align: left; text-indent: 0px; text-transform: none; white-space: normal; widows: 2; word-spacing: 0px; -webkit-text-stroke-width: 0px; text-decoration-style: initial; text-decoration-color: initial; display: inline !important; float: none;\">宁波市计量测试研究院(宁波市衡器管理所）是宁波市质量技术监督局依法设置的法定计量检定机构。</span></p>', '0', '1', '2018-05-17 14:15:22.930000', '2018-05-17 14:15:22.930000', '2');
INSERT INTO `app_customer` VALUES ('7', '北京大学', 'pictures/customer/2018/05/17/customer3_1.png', '北京大学', '<p><span style=\"color: rgb(153, 153, 153); font-family: &quot;Open Sans&quot;, Arial, &quot;Hiragino Sans GB&quot;, &quot;Microsoft YaHei&quot;, 微软雅黑, STHeiti, &quot;WenQuanYi Micro Hei&quot;, SimSun, sans-serif; font-size: 16px; font-style: normal; font-variant-ligatures: normal; font-variant-caps: normal; font-weight: normal; letter-spacing: normal; orphans: 2; text-align: left; text-indent: 0px; text-transform: none; white-space: normal; widows: 2; word-spacing: 0px; -webkit-text-stroke-width: 0px; text-decoration-style: initial; text-decoration-color: initial; display: inline !important; float: none;\">北京大学创办于1898年，初名京师大学堂，是中国第一所国立综合性大学，也是当时中国最高教育行政机关</span></p>', '0', '1', '2018-05-17 14:15:58.819000', '2018-05-17 14:15:58.819000', '3');
INSERT INTO `app_customer` VALUES ('8', '浙江大学', 'pictures/customer/2018/05/17/customer3_2.png', '浙江大学', '<p><span style=\"color: rgb(153, 153, 153); font-family: &quot;Open Sans&quot;, Arial, &quot;Hiragino Sans GB&quot;, &quot;Microsoft YaHei&quot;, 微软雅黑, STHeiti, &quot;WenQuanYi Micro Hei&quot;, SimSun, sans-serif; font-size: 16px; font-style: normal; font-variant-ligatures: normal; font-variant-caps: normal; font-weight: normal; letter-spacing: normal; orphans: 2; text-align: left; text-indent: 0px; text-transform: none; white-space: normal; widows: 2; word-spacing: 0px; -webkit-text-stroke-width: 0px; text-decoration-style: initial; text-decoration-color: initial; display: inline !important; float: none;\">浙江大学是一所历史悠久、声誉卓著的高等学府，坐落于中国历史文化名城、风景旅游胜地杭州。</span></p>', '0', '1', '2018-05-17 14:16:21.132000', '2018-05-17 14:16:21.132000', '3');
INSERT INTO `app_customer` VALUES ('9', '中国邮政', 'pictures/customer/2018/05/17/customer4_1.png', '中国邮政', '<p><span style=\"color: rgb(153, 153, 153); font-family: &quot;Open Sans&quot;, Arial, &quot;Hiragino Sans GB&quot;, &quot;Microsoft YaHei&quot;, 微软雅黑, STHeiti, &quot;WenQuanYi Micro Hei&quot;, SimSun, sans-serif; font-size: 16px; font-style: normal; font-variant-ligatures: normal; font-variant-caps: normal; font-weight: normal; letter-spacing: normal; orphans: 2; text-align: left; text-indent: 0px; text-transform: none; white-space: normal; widows: 2; word-spacing: 0px; -webkit-text-stroke-width: 0px; text-decoration-style: initial; text-decoration-color: initial; display: inline !important; float: none;\">中国邮政集团公司是依照《中华人民共和国全民所有制工业企业法》组建的大型国有独资企业，依法经营各项邮政业务，承担邮政普遍服务义务，受政府委托提供邮政特殊服务，对竞争性邮政业务实行商业化运营。</span></p>', '2', '1', '2018-05-17 14:16:50.498000', '2018-05-17 14:16:50.498000', '4');
INSERT INTO `app_customer` VALUES ('10', '海南南国食品实业有限公司', 'pictures/customer/2018/05/17/customer5_1.png', '海南南国食品实业有限公司', '<p><span style=\"color: rgb(153, 153, 153); font-family: &quot;Open Sans&quot;, Arial, &quot;Hiragino Sans GB&quot;, &quot;Microsoft YaHei&quot;, 微软雅黑, STHeiti, &quot;WenQuanYi Micro Hei&quot;, SimSun, sans-serif; font-size: 16px; font-style: normal; font-variant-ligatures: normal; font-variant-caps: normal; font-weight: normal; letter-spacing: normal; orphans: 2; text-align: left; text-indent: 0px; text-transform: none; white-space: normal; widows: 2; word-spacing: 0px; -webkit-text-stroke-width: 0px; text-decoration-style: initial; text-decoration-color: initial; display: inline !important; float: none;\">海南南国食品实业有限公司创立于1992年10月，是一家以生产加工海南特色食品及经营管理旅游购物超市为主导的中型民营企业，也是农业产业化国家重点龙头企业，海南省优秀农业龙头企业</span></p>', '1', '1', '2018-05-17 14:18:32.531000', '2018-05-17 14:18:32.531000', '5');

-- ----------------------------
-- Table structure for app_customertype
-- ----------------------------
DROP TABLE IF EXISTS `app_customertype`;
CREATE TABLE `app_customertype` (
  `id` int(11) NOT NULL AUTO_INCREMENT,
  `name` varchar(256) NOT NULL,
  `intro` longtext NOT NULL,
  `nav_display` tinyint(1) NOT NULL,
  `home_display` tinyint(1) NOT NULL,
  PRIMARY KEY (`id`)
) ENGINE=InnoDB AUTO_INCREMENT=6 DEFAULT CHARSET=utf8;

-- ----------------------------
-- Records of app_customertype
-- ----------------------------
INSERT INTO `app_customertype` VALUES ('1', '国企单位', '', '1', '1');
INSERT INTO `app_customertype` VALUES ('2', '科研机构', '', '1', '1');
INSERT INTO `app_customertype` VALUES ('3', '高等院校', '', '1', '1');
INSERT INTO `app_customertype` VALUES ('4', '快递物流', '', '1', '1');
INSERT INTO `app_customertype` VALUES ('5', '制造企业', '', '1', '1');

-- ----------------------------
-- Table structure for app_notification
-- ----------------------------
DROP TABLE IF EXISTS `app_notification`;
CREATE TABLE `app_notification` (
  `id` int(11) NOT NULL AUTO_INCREMENT,
  `title` varchar(256) NOT NULL,
  `content` longtext NOT NULL,
  `post_time` datetime(6) NOT NULL,
  PRIMARY KEY (`id`)
) ENGINE=InnoDB DEFAULT CHARSET=utf8;

-- ----------------------------
-- Records of app_notification
-- ----------------------------

-- ----------------------------
-- Table structure for app_settings
-- ----------------------------
DROP TABLE IF EXISTS `app_settings`;
CREATE TABLE `app_settings` (
  `id` int(11) NOT NULL AUTO_INCREMENT,
  `title` varchar(256) NOT NULL,
  `value` varchar(256) NOT NULL,
  `var` varchar(256) NOT NULL,
  `settingsgroup_id` int(11) NOT NULL,
  PRIMARY KEY (`id`),
  KEY `app_settings_settingsgroup_id_ffb03671_fk_app_settingsgroup_id` (`settingsgroup_id`),
  CONSTRAINT `app_settings_settingsgroup_id_ffb03671_fk_app_settingsgroup_id` FOREIGN KEY (`settingsgroup_id`) REFERENCES `app_settingsgroup` (`id`)
) ENGINE=InnoDB AUTO_INCREMENT=9 DEFAULT CHARSET=utf8;

-- ----------------------------
-- Records of app_settings
-- ----------------------------
INSERT INTO `app_settings` VALUES ('1', '站点名称', 'rc', 'site.name', '1');
INSERT INTO `app_settings` VALUES ('2', '备案号', '', 'site.beian', '1');
INSERT INTO `app_settings` VALUES ('3', '禁止IP', '', 'site.forbiddenip', '1');
INSERT INTO `app_settings` VALUES ('4', 'SMTP服务器', 'smtp.qq.com', 'site.mail_smtp_host', '2');
INSERT INTO `app_settings` VALUES ('5', 'SMTP端口', '465', 'site.mail_smtp_port', '2');
INSERT INTO `app_settings` VALUES ('6', 'SMTP用户名', '10000', 'site.mail_smtp_user', '2');
INSERT INTO `app_settings` VALUES ('7', 'SMTP密码', 'password', 'site.mail_smtp_pass', '2');
INSERT INTO `app_settings` VALUES ('8', '发件人邮箱', '10000@qq.com', 'site.mail_from', '2');

-- ----------------------------
-- Table structure for app_settingsgroup
-- ----------------------------
DROP TABLE IF EXISTS `app_settingsgroup`;
CREATE TABLE `app_settingsgroup` (
  `id` int(11) NOT NULL AUTO_INCREMENT,
  `name` varchar(256) NOT NULL,
  PRIMARY KEY (`id`)
) ENGINE=InnoDB AUTO_INCREMENT=3 DEFAULT CHARSET=utf8;

-- ----------------------------
-- Records of app_settingsgroup
-- ----------------------------
INSERT INTO `app_settingsgroup` VALUES ('1', '基础配置');
INSERT INTO `app_settingsgroup` VALUES ('2', '邮件配置');

-- ----------------------------
-- Table structure for auth_group
-- ----------------------------
DROP TABLE IF EXISTS `auth_group`;
CREATE TABLE `auth_group` (
  `id` int(11) NOT NULL AUTO_INCREMENT,
  `name` varchar(80) NOT NULL,
  PRIMARY KEY (`id`),
  UNIQUE KEY `name` (`name`)
) ENGINE=InnoDB DEFAULT CHARSET=utf8;

-- ----------------------------
-- Records of auth_group
-- ----------------------------

-- ----------------------------
-- Table structure for auth_group_permissions
-- ----------------------------
DROP TABLE IF EXISTS `auth_group_permissions`;
CREATE TABLE `auth_group_permissions` (
  `id` int(11) NOT NULL AUTO_INCREMENT,
  `group_id` int(11) NOT NULL,
  `permission_id` int(11) NOT NULL,
  PRIMARY KEY (`id`),
  UNIQUE KEY `auth_group_permissions_group_id_permission_id_0cd325b0_uniq` (`group_id`,`permission_id`),
  KEY `auth_group_permissio_permission_id_84c5c92e_fk_auth_perm` (`permission_id`),
  CONSTRAINT `auth_group_permissio_permission_id_84c5c92e_fk_auth_perm` FOREIGN KEY (`permission_id`) REFERENCES `auth_permission` (`id`),
  CONSTRAINT `auth_group_permissions_group_id_b120cbf9_fk_auth_group_id` FOREIGN KEY (`group_id`) REFERENCES `auth_group` (`id`)
) ENGINE=InnoDB DEFAULT CHARSET=utf8;

-- ----------------------------
-- Records of auth_group_permissions
-- ----------------------------

-- ----------------------------
-- Table structure for auth_permission
-- ----------------------------
DROP TABLE IF EXISTS `auth_permission`;
CREATE TABLE `auth_permission` (
  `id` int(11) NOT NULL AUTO_INCREMENT,
  `name` varchar(255) NOT NULL,
  `content_type_id` int(11) NOT NULL,
  `codename` varchar(100) NOT NULL,
  PRIMARY KEY (`id`),
  UNIQUE KEY `auth_permission_content_type_id_codename_01ab375a_uniq` (`content_type_id`,`codename`),
  CONSTRAINT `auth_permission_content_type_id_2f476e4b_fk_django_co` FOREIGN KEY (`content_type_id`) REFERENCES `django_content_type` (`id`)
) ENGINE=InnoDB AUTO_INCREMENT=97 DEFAULT CHARSET=utf8;

-- ----------------------------
-- Records of auth_permission
-- ----------------------------
INSERT INTO `auth_permission` VALUES ('1', 'Can add log entry', '1', 'add_logentry');
INSERT INTO `auth_permission` VALUES ('2', 'Can change log entry', '1', 'change_logentry');
INSERT INTO `auth_permission` VALUES ('3', 'Can delete log entry', '1', 'delete_logentry');
INSERT INTO `auth_permission` VALUES ('4', 'Can view log entry', '1', 'view_logentry');
INSERT INTO `auth_permission` VALUES ('5', 'Can add permission', '2', 'add_permission');
INSERT INTO `auth_permission` VALUES ('6', 'Can change permission', '2', 'change_permission');
INSERT INTO `auth_permission` VALUES ('7', 'Can delete permission', '2', 'delete_permission');
INSERT INTO `auth_permission` VALUES ('8', 'Can view permission', '2', 'view_permission');
INSERT INTO `auth_permission` VALUES ('9', 'Can add group', '3', 'add_group');
INSERT INTO `auth_permission` VALUES ('10', 'Can change group', '3', 'change_group');
INSERT INTO `auth_permission` VALUES ('11', 'Can delete group', '3', 'delete_group');
INSERT INTO `auth_permission` VALUES ('12', 'Can view group', '3', 'view_group');
INSERT INTO `auth_permission` VALUES ('13', 'Can add user', '4', 'add_user');
INSERT INTO `auth_permission` VALUES ('14', 'Can change user', '4', 'change_user');
INSERT INTO `auth_permission` VALUES ('15', 'Can delete user', '4', 'delete_user');
INSERT INTO `auth_permission` VALUES ('16', 'Can view user', '4', 'view_user');
INSERT INTO `auth_permission` VALUES ('17', 'Can add content type', '5', 'add_contenttype');
INSERT INTO `auth_permission` VALUES ('18', 'Can change content type', '5', 'change_contenttype');
INSERT INTO `auth_permission` VALUES ('19', 'Can delete content type', '5', 'delete_contenttype');
INSERT INTO `auth_permission` VALUES ('20', 'Can view content type', '5', 'view_contenttype');
INSERT INTO `auth_permission` VALUES ('21', 'Can add session', '6', 'add_session');
INSERT INTO `auth_permission` VALUES ('22', 'Can change session', '6', 'change_session');
INSERT INTO `auth_permission` VALUES ('23', 'Can delete session', '6', 'delete_session');
INSERT INTO `auth_permission` VALUES ('24', 'Can view session', '6', 'view_session');
INSERT INTO `auth_permission` VALUES ('25', 'Can add 关于公司', '7', 'add_about');
INSERT INTO `auth_permission` VALUES ('26', 'Can change 关于公司', '7', 'change_about');
INSERT INTO `auth_permission` VALUES ('27', 'Can delete 关于公司', '7', 'delete_about');
INSERT INTO `auth_permission` VALUES ('28', 'Can view 关于公司', '7', 'view_about');
INSERT INTO `auth_permission` VALUES ('29', 'Can add 轮播商品', '8', 'add_banner');
INSERT INTO `auth_permission` VALUES ('30', 'Can change 轮播商品', '8', 'change_banner');
INSERT INTO `auth_permission` VALUES ('31', 'Can delete 轮播商品', '8', 'delete_banner');
INSERT INTO `auth_permission` VALUES ('32', 'Can view 轮播商品', '8', 'view_banner');
INSERT INTO `auth_permission` VALUES ('33', 'Can add 案例', '9', 'add_case');
INSERT INTO `auth_permission` VALUES ('34', 'Can change 案例', '9', 'change_case');
INSERT INTO `auth_permission` VALUES ('35', 'Can delete 案例', '9', 'delete_case');
INSERT INTO `auth_permission` VALUES ('36', 'Can view 案例', '9', 'view_case');
INSERT INTO `auth_permission` VALUES ('37', 'Can add 案例类别', '10', 'add_casetype');
INSERT INTO `auth_permission` VALUES ('38', 'Can change 案例类别', '10', 'change_casetype');
INSERT INTO `auth_permission` VALUES ('39', 'Can delete 案例类别', '10', 'delete_casetype');
INSERT INTO `auth_permission` VALUES ('40', 'Can view 案例类别', '10', 'view_casetype');
INSERT INTO `auth_permission` VALUES ('41', 'Can add 客户', '11', 'add_customer');
INSERT INTO `auth_permission` VALUES ('42', 'Can change 客户', '11', 'change_customer');
INSERT INTO `auth_permission` VALUES ('43', 'Can delete 客户', '11', 'delete_customer');
INSERT INTO `auth_permission` VALUES ('44', 'Can view 客户', '11', 'view_customer');
INSERT INTO `auth_permission` VALUES ('45', 'Can add 客户类别', '12', 'add_customertype');
INSERT INTO `auth_permission` VALUES ('46', 'Can change 客户类别', '12', 'change_customertype');
INSERT INTO `auth_permission` VALUES ('47', 'Can delete 客户类别', '12', 'delete_customertype');
INSERT INTO `auth_permission` VALUES ('48', 'Can view 客户类别', '12', 'view_customertype');
INSERT INTO `auth_permission` VALUES ('49', 'Can add 系统公告', '13', 'add_notification');
INSERT INTO `auth_permission` VALUES ('50', 'Can change 系统公告', '13', 'change_notification');
INSERT INTO `auth_permission` VALUES ('51', 'Can delete 系统公告', '13', 'delete_notification');
INSERT INTO `auth_permission` VALUES ('52', 'Can view 系统公告', '13', 'view_notification');
INSERT INTO `auth_permission` VALUES ('53', 'Can add 系统配置', '14', 'add_settings');
INSERT INTO `auth_permission` VALUES ('54', 'Can change 系统配置', '14', 'change_settings');
INSERT INTO `auth_permission` VALUES ('55', 'Can delete 系统配置', '14', 'delete_settings');
INSERT INTO `auth_permission` VALUES ('56', 'Can view 系统配置', '14', 'view_settings');
INSERT INTO `auth_permission` VALUES ('57', 'Can add 配置分组', '15', 'add_settingsgroup');
INSERT INTO `auth_permission` VALUES ('58', 'Can change 配置分组', '15', 'change_settingsgroup');
INSERT INTO `auth_permission` VALUES ('59', 'Can delete 配置分组', '15', 'delete_settingsgroup');
INSERT INTO `auth_permission` VALUES ('60', 'Can view 配置分组', '15', 'view_settingsgroup');
INSERT INTO `auth_permission` VALUES ('61', 'Can add 商品', '16', 'add_goods');
INSERT INTO `auth_permission` VALUES ('62', 'Can change 商品', '16', 'change_goods');
INSERT INTO `auth_permission` VALUES ('63', 'Can delete 商品', '16', 'delete_goods');
INSERT INTO `auth_permission` VALUES ('64', 'Can view 商品', '16', 'view_goods');
INSERT INTO `auth_permission` VALUES ('65', 'Can add 订单', '17', 'add_orderinfo');
INSERT INTO `auth_permission` VALUES ('66', 'Can change 订单', '17', 'change_orderinfo');
INSERT INTO `auth_permission` VALUES ('67', 'Can delete 订单', '17', 'delete_orderinfo');
INSERT INTO `auth_permission` VALUES ('68', 'Can view 订单', '17', 'view_orderinfo');
INSERT INTO `auth_permission` VALUES ('69', 'Can add 投诉信箱', '18', 'add_post');
INSERT INTO `auth_permission` VALUES ('70', 'Can change 投诉信箱', '18', 'change_post');
INSERT INTO `auth_permission` VALUES ('71', 'Can delete 投诉信箱', '18', 'delete_post');
INSERT INTO `auth_permission` VALUES ('72', 'Can view 投诉信箱', '18', 'view_post');
INSERT INTO `auth_permission` VALUES ('73', 'Can add site', '19', 'add_site');
INSERT INTO `auth_permission` VALUES ('74', 'Can change site', '19', 'change_site');
INSERT INTO `auth_permission` VALUES ('75', 'Can delete site', '19', 'delete_site');
INSERT INTO `auth_permission` VALUES ('76', 'Can view site', '19', 'view_site');
INSERT INTO `auth_permission` VALUES ('77', 'Can add email address', '20', 'add_emailaddress');
INSERT INTO `auth_permission` VALUES ('78', 'Can change email address', '20', 'change_emailaddress');
INSERT INTO `auth_permission` VALUES ('79', 'Can delete email address', '20', 'delete_emailaddress');
INSERT INTO `auth_permission` VALUES ('80', 'Can view email address', '20', 'view_emailaddress');
INSERT INTO `auth_permission` VALUES ('81', 'Can add email confirmation', '21', 'add_emailconfirmation');
INSERT INTO `auth_permission` VALUES ('82', 'Can change email confirmation', '21', 'change_emailconfirmation');
INSERT INTO `auth_permission` VALUES ('83', 'Can delete email confirmation', '21', 'delete_emailconfirmation');
INSERT INTO `auth_permission` VALUES ('84', 'Can view email confirmation', '21', 'view_emailconfirmation');
INSERT INTO `auth_permission` VALUES ('85', 'Can add social account', '22', 'add_socialaccount');
INSERT INTO `auth_permission` VALUES ('86', 'Can change social account', '22', 'change_socialaccount');
INSERT INTO `auth_permission` VALUES ('87', 'Can delete social account', '22', 'delete_socialaccount');
INSERT INTO `auth_permission` VALUES ('88', 'Can view social account', '22', 'view_socialaccount');
INSERT INTO `auth_permission` VALUES ('89', 'Can add social application', '23', 'add_socialapp');
INSERT INTO `auth_permission` VALUES ('90', 'Can change social application', '23', 'change_socialapp');
INSERT INTO `auth_permission` VALUES ('91', 'Can delete social application', '23', 'delete_socialapp');
INSERT INTO `auth_permission` VALUES ('92', 'Can view social application', '23', 'view_socialapp');
INSERT INTO `auth_permission` VALUES ('93', 'Can add social application token', '24', 'add_socialtoken');
INSERT INTO `auth_permission` VALUES ('94', 'Can change social application token', '24', 'change_socialtoken');
INSERT INTO `auth_permission` VALUES ('95', 'Can delete social application token', '24', 'delete_socialtoken');
INSERT INTO `auth_permission` VALUES ('96', 'Can view social application token', '24', 'view_socialtoken');

-- ----------------------------
-- Table structure for auth_user
-- ----------------------------
DROP TABLE IF EXISTS `auth_user`;
CREATE TABLE `auth_user` (
  `id` int(11) NOT NULL AUTO_INCREMENT,
  `password` varchar(128) NOT NULL,
  `last_login` datetime(6) DEFAULT NULL,
  `is_superuser` tinyint(1) NOT NULL,
  `username` varchar(150) NOT NULL,
  `first_name` varchar(30) NOT NULL,
  `last_name` varchar(150) NOT NULL,
  `email` varchar(254) NOT NULL,
  `is_staff` tinyint(1) NOT NULL,
  `is_active` tinyint(1) NOT NULL,
  `date_joined` datetime(6) NOT NULL,
  PRIMARY KEY (`id`),
  UNIQUE KEY `username` (`username`)
) ENGINE=InnoDB AUTO_INCREMENT=3 DEFAULT CHARSET=utf8;

-- ----------------------------
-- Records of auth_user
-- ----------------------------
INSERT INTO `auth_user` VALUES ('1', 'pbkdf2_sha256$120000$aNxwH81Ndhvr$SZlEZAeFbI3apa+hDjmH2vFpVChBc5PjpmqhOUsYdpU=', '2022-12-28 19:42:47.581475', '1', 'admin', '', '', '843514174@qq.com', '1', '1', '2022-12-28 19:27:38.618942');
INSERT INTO `auth_user` VALUES ('2', '!kRdl8KH9K8EC1nRyxwIolGFgXvmp3ii59qBEtlla', '2022-12-28 19:39:48.308198', '0', 'yuanjie', '', '', 'yuanjie19890122@gmail.com', '0', '1', '2022-12-28 19:38:52.026000');

-- ----------------------------
-- Table structure for auth_user_groups
-- ----------------------------
DROP TABLE IF EXISTS `auth_user_groups`;
CREATE TABLE `auth_user_groups` (
  `id` int(11) NOT NULL AUTO_INCREMENT,
  `user_id` int(11) NOT NULL,
  `group_id` int(11) NOT NULL,
  PRIMARY KEY (`id`),
  UNIQUE KEY `auth_user_groups_user_id_group_id_94350c0c_uniq` (`user_id`,`group_id`),
  KEY `auth_user_groups_group_id_97559544_fk_auth_group_id` (`group_id`),
  CONSTRAINT `auth_user_groups_group_id_97559544_fk_auth_group_id` FOREIGN KEY (`group_id`) REFERENCES `auth_group` (`id`),
  CONSTRAINT `auth_user_groups_user_id_6a12ed8b_fk_auth_user_id` FOREIGN KEY (`user_id`) REFERENCES `auth_user` (`id`)
) ENGINE=InnoDB DEFAULT CHARSET=utf8;

-- ----------------------------
-- Records of auth_user_groups
-- ----------------------------

-- ----------------------------
-- Table structure for auth_user_user_permissions
-- ----------------------------
DROP TABLE IF EXISTS `auth_user_user_permissions`;
CREATE TABLE `auth_user_user_permissions` (
  `id` int(11) NOT NULL AUTO_INCREMENT,
  `user_id` int(11) NOT NULL,
  `permission_id` int(11) NOT NULL,
  PRIMARY KEY (`id`),
  UNIQUE KEY `auth_user_user_permissions_user_id_permission_id_14a6b632_uniq` (`user_id`,`permission_id`),
  KEY `auth_user_user_permi_permission_id_1fbb5f2c_fk_auth_perm` (`permission_id`),
  CONSTRAINT `auth_user_user_permi_permission_id_1fbb5f2c_fk_auth_perm` FOREIGN KEY (`permission_id`) REFERENCES `auth_permission` (`id`),
  CONSTRAINT `auth_user_user_permissions_user_id_a95ead1b_fk_auth_user_id` FOREIGN KEY (`user_id`) REFERENCES `auth_user` (`id`)
) ENGINE=InnoDB DEFAULT CHARSET=utf8;

-- ----------------------------
-- Records of auth_user_user_permissions
-- ----------------------------

-- ----------------------------
-- Table structure for django_admin_log
-- ----------------------------
DROP TABLE IF EXISTS `django_admin_log`;
CREATE TABLE `django_admin_log` (
  `id` int(11) NOT NULL AUTO_INCREMENT,
  `action_time` datetime(6) NOT NULL,
  `object_id` longtext,
  `object_repr` varchar(200) NOT NULL,
  `action_flag` smallint(5) unsigned NOT NULL,
  `change_message` longtext NOT NULL,
  `content_type_id` int(11) DEFAULT NULL,
  `user_id` int(11) NOT NULL,
  PRIMARY KEY (`id`),
  KEY `django_admin_log_content_type_id_c4bce8eb_fk_django_co` (`content_type_id`),
  KEY `django_admin_log_user_id_c564eba6_fk_auth_user_id` (`user_id`),
  CONSTRAINT `django_admin_log_content_type_id_c4bce8eb_fk_django_co` FOREIGN KEY (`content_type_id`) REFERENCES `django_content_type` (`id`),
  CONSTRAINT `django_admin_log_user_id_c564eba6_fk_auth_user_id` FOREIGN KEY (`user_id`) REFERENCES `auth_user` (`id`)
) ENGINE=InnoDB AUTO_INCREMENT=4 DEFAULT CHARSET=utf8;

-- ----------------------------
-- Records of django_admin_log
-- ----------------------------
INSERT INTO `django_admin_log` VALUES ('1', '2022-12-28 19:29:08.326690', '2', '127.0.0.1:5000', '2', '[{\"changed\": {\"fields\": [\"domain\", \"name\"]}}]', '19', '1');
INSERT INTO `django_admin_log` VALUES ('2', '2022-12-28 19:31:41.478535', '2', 'http://127.0.0.1:5000', '2', '[{\"changed\": {\"fields\": [\"domain\", \"name\"]}}]', '19', '1');
INSERT INTO `django_admin_log` VALUES ('3', '2022-12-28 19:32:06.221991', '1', 'Github', '1', '[{\"added\": {}}]', '23', '1');

-- ----------------------------
-- Table structure for django_content_type
-- ----------------------------
DROP TABLE IF EXISTS `django_content_type`;
CREATE TABLE `django_content_type` (
  `id` int(11) NOT NULL AUTO_INCREMENT,
  `app_label` varchar(100) NOT NULL,
  `model` varchar(100) NOT NULL,
  PRIMARY KEY (`id`),
  UNIQUE KEY `django_content_type_app_label_model_76bd3d3b_uniq` (`app_label`,`model`)
) ENGINE=InnoDB AUTO_INCREMENT=25 DEFAULT CHARSET=utf8;

-- ----------------------------
-- Records of django_content_type
-- ----------------------------
INSERT INTO `django_content_type` VALUES ('20', 'account', 'emailaddress');
INSERT INTO `django_content_type` VALUES ('21', 'account', 'emailconfirmation');
INSERT INTO `django_content_type` VALUES ('1', 'admin', 'logentry');
INSERT INTO `django_content_type` VALUES ('7', 'app', 'about');
INSERT INTO `django_content_type` VALUES ('8', 'app', 'banner');
INSERT INTO `django_content_type` VALUES ('9', 'app', 'case');
INSERT INTO `django_content_type` VALUES ('10', 'app', 'casetype');
INSERT INTO `django_content_type` VALUES ('11', 'app', 'customer');
INSERT INTO `django_content_type` VALUES ('12', 'app', 'customertype');
INSERT INTO `django_content_type` VALUES ('13', 'app', 'notification');
INSERT INTO `django_content_type` VALUES ('14', 'app', 'settings');
INSERT INTO `django_content_type` VALUES ('15', 'app', 'settingsgroup');
INSERT INTO `django_content_type` VALUES ('3', 'auth', 'group');
INSERT INTO `django_content_type` VALUES ('2', 'auth', 'permission');
INSERT INTO `django_content_type` VALUES ('4', 'auth', 'user');
INSERT INTO `django_content_type` VALUES ('5', 'contenttypes', 'contenttype');
INSERT INTO `django_content_type` VALUES ('16', 'order', 'goods');
INSERT INTO `django_content_type` VALUES ('17', 'order', 'orderinfo');
INSERT INTO `django_content_type` VALUES ('18', 'order', 'post');
INSERT INTO `django_content_type` VALUES ('6', 'sessions', 'session');
INSERT INTO `django_content_type` VALUES ('19', 'sites', 'site');
INSERT INTO `django_content_type` VALUES ('22', 'socialaccount', 'socialaccount');
INSERT INTO `django_content_type` VALUES ('23', 'socialaccount', 'socialapp');
INSERT INTO `django_content_type` VALUES ('24', 'socialaccount', 'socialtoken');

-- ----------------------------
-- Table structure for django_migrations
-- ----------------------------
DROP TABLE IF EXISTS `django_migrations`;
CREATE TABLE `django_migrations` (
  `id` int(11) NOT NULL AUTO_INCREMENT,
  `app` varchar(255) NOT NULL,
  `name` varchar(255) NOT NULL,
  `applied` datetime(6) NOT NULL,
  PRIMARY KEY (`id`)
) ENGINE=InnoDB AUTO_INCREMENT=27 DEFAULT CHARSET=utf8;

-- ----------------------------
-- Records of django_migrations
-- ----------------------------
INSERT INTO `django_migrations` VALUES ('1', 'contenttypes', '0001_initial', '2022-12-28 19:23:35.207002');
INSERT INTO `django_migrations` VALUES ('2', 'auth', '0001_initial', '2022-12-28 19:23:35.502730');
INSERT INTO `django_migrations` VALUES ('3', 'account', '0001_initial', '2022-12-28 19:23:35.598379');
INSERT INTO `django_migrations` VALUES ('4', 'account', '0002_email_max_length', '2022-12-28 19:23:35.637418');
INSERT INTO `django_migrations` VALUES ('5', 'admin', '0001_initial', '2022-12-28 19:23:35.731114');
INSERT INTO `django_migrations` VALUES ('6', 'admin', '0002_logentry_remove_auto_add', '2022-12-28 19:23:35.741851');
INSERT INTO `django_migrations` VALUES ('7', 'admin', '0003_logentry_add_action_flag_choices', '2022-12-28 19:23:35.751610');
INSERT INTO `django_migrations` VALUES ('8', 'app', '0001_initial', '2022-12-28 19:23:36.052219');
INSERT INTO `django_migrations` VALUES ('9', 'app', '0002_auto_20221228_1809', '2022-12-28 19:23:36.112731');
INSERT INTO `django_migrations` VALUES ('10', 'contenttypes', '0002_remove_content_type_name', '2022-12-28 19:23:36.172267');
INSERT INTO `django_migrations` VALUES ('11', 'auth', '0002_alter_permission_name_max_length', '2022-12-28 19:23:36.201547');
INSERT INTO `django_migrations` VALUES ('12', 'auth', '0003_alter_user_email_max_length', '2022-12-28 19:23:36.237659');
INSERT INTO `django_migrations` VALUES ('13', 'auth', '0004_alter_user_username_opts', '2022-12-28 19:23:36.247419');
INSERT INTO `django_migrations` VALUES ('14', 'auth', '0005_alter_user_last_login_null', '2022-12-28 19:23:36.280604');
INSERT INTO `django_migrations` VALUES ('15', 'auth', '0006_require_contenttypes_0002', '2022-12-28 19:23:36.284507');
INSERT INTO `django_migrations` VALUES ('16', 'auth', '0007_alter_validators_add_error_messages', '2022-12-28 19:23:36.294267');
INSERT INTO `django_migrations` VALUES ('17', 'auth', '0008_alter_user_username_max_length', '2022-12-28 19:23:36.330379');
INSERT INTO `django_migrations` VALUES ('18', 'auth', '0009_alter_user_last_name_max_length', '2022-12-28 19:23:36.365515');
INSERT INTO `django_migrations` VALUES ('19', 'order', '0001_initial', '2022-12-28 19:23:36.431126');
INSERT INTO `django_migrations` VALUES ('20', 'order', '0002_auto_20221220_2127', '2022-12-28 19:23:36.468215');
INSERT INTO `django_migrations` VALUES ('21', 'sessions', '0001_initial', '2022-12-28 19:23:36.504327');
INSERT INTO `django_migrations` VALUES ('22', 'sites', '0001_initial', '2022-12-28 19:23:36.525799');
INSERT INTO `django_migrations` VALUES ('23', 'sites', '0002_alter_domain_unique', '2022-12-28 19:23:36.545319');
INSERT INTO `django_migrations` VALUES ('24', 'socialaccount', '0001_initial', '2022-12-28 19:23:36.818599');
INSERT INTO `django_migrations` VALUES ('25', 'socialaccount', '0002_token_max_lengths', '2022-12-28 19:23:36.856663');
INSERT INTO `django_migrations` VALUES ('26', 'socialaccount', '0003_extra_data_default_dict', '2022-12-28 19:23:36.866423');

-- ----------------------------
-- Table structure for django_session
-- ----------------------------
DROP TABLE IF EXISTS `django_session`;
CREATE TABLE `django_session` (
  `session_key` varchar(40) NOT NULL,
  `session_data` longtext NOT NULL,
  `expire_date` datetime(6) NOT NULL,
  PRIMARY KEY (`session_key`),
  KEY `django_session_expire_date_a5c62663` (`expire_date`)
) ENGINE=InnoDB DEFAULT CHARSET=utf8;

-- ----------------------------
-- Records of django_session
-- ----------------------------
INSERT INTO `django_session` VALUES ('q9zhcux9dnocjajxd47pqsfq57k1154z', 'ODBkYTdlMWExNzcxNDViMzAyMzRkMzQyM2NhNWQ2NWE5MmQwZjNiZDp7Il9hdXRoX3VzZXJfaWQiOiIxIiwiX2F1dGhfdXNlcl9iYWNrZW5kIjoiZGphbmdvLmNvbnRyaWIuYXV0aC5iYWNrZW5kcy5Nb2RlbEJhY2tlbmQiLCJfYXV0aF91c2VyX2hhc2giOiJhMmMyZjJhNzAwOTI0ZTFmYjZjYjQ5NzA1YTFiNDE0YjBlM2NhYWEzIiwiX3Nlc3Npb25fZXhwaXJ5IjowfQ==', '2023-01-11 19:42:47.585379');

-- ----------------------------
-- Table structure for django_site
-- ----------------------------
DROP TABLE IF EXISTS `django_site`;
CREATE TABLE `django_site` (
  `id` int(11) NOT NULL AUTO_INCREMENT,
  `domain` varchar(100) NOT NULL,
  `name` varchar(50) NOT NULL,
  PRIMARY KEY (`id`),
  UNIQUE KEY `django_site_domain_a2e37b91_uniq` (`domain`)
) ENGINE=InnoDB AUTO_INCREMENT=3 DEFAULT CHARSET=utf8;

-- ----------------------------
-- Records of django_site
-- ----------------------------
INSERT INTO `django_site` VALUES ('2', 'http://127.0.0.1:5000', 'http://127.0.0.1:5000');

-- ----------------------------
-- Table structure for order
-- ----------------------------
DROP TABLE IF EXISTS `order`;
CREATE TABLE `order` (
  `order_no` varchar(30) NOT NULL,
  `total_count` int(11) NOT NULL,
  `total_price` decimal(10,2) NOT NULL,
  `pay_method` varchar(5) NOT NULL,
  `mobile` varchar(50) NOT NULL,
  `email` varchar(50) NOT NULL,
  `status` varchar(5) NOT NULL,
  `trade_no` varchar(128) NOT NULL,
  `create_time` datetime(6) NOT NULL,
  `update_time` datetime(6) NOT NULL,
  `is_delete` tinyint(1) NOT NULL,
  `goods_id` int(11) NOT NULL,
  PRIMARY KEY (`order_no`),
  KEY `order_goods_id_8e2185eb_fk_order_goods_id` (`goods_id`),
  CONSTRAINT `order_goods_id_8e2185eb_fk_order_goods_id` FOREIGN KEY (`goods_id`) REFERENCES `order_goods` (`id`)
) ENGINE=InnoDB DEFAULT CHARSET=utf8;

-- ----------------------------
-- Records of order
-- ----------------------------
INSERT INTO `order` VALUES ('M20221207215523', '1', '12.00', '1', '', 'lucyxu202208@gmail.com', '1', '', '2022-12-07 21:55:23.168000', '2022-12-07 21:55:23.168000', '0', '1');
INSERT INTO `order` VALUES ('M20221207215535', '1', '12.00', '1', '', 'lucyxu202208@gmail.com', '1', '', '2022-12-07 21:55:35.444000', '2022-12-07 21:55:35.444000', '0', '1');
INSERT INTO `order` VALUES ('M20221208120002', '1', '12.00', '1', '', 'lucyxu202208@gmail.com', '1', '', '2022-12-08 12:00:02.676000', '2022-12-08 12:00:02.676000', '0', '1');
INSERT INTO `order` VALUES ('M20221208120010', '1', '12.00', '2', '', 'lucyxu202208@gmail.com', '1', '', '2022-12-08 12:00:10.565000', '2022-12-08 12:00:10.565000', '0', '1');
INSERT INTO `order` VALUES ('M20221208120150', '1', '12.00', '1', '', 'lucyxu202208@gmail.com', '1', '', '2022-12-08 12:01:50.967000', '2022-12-08 12:01:50.967000', '0', '1');
INSERT INTO `order` VALUES ('M20221208120205', '1', '12.00', '1', '', 'lucyxu202208@gmail.com', '1', '', '2022-12-08 12:02:05.473000', '2022-12-08 12:02:05.473000', '0', '1');
INSERT INTO `order` VALUES ('M20221208120918', '1', '12.00', '1', '', 'lucyxu202208@gmail.com', '1', '', '2022-12-08 12:09:18.799000', '2022-12-08 12:09:18.799000', '0', '1');
INSERT INTO `order` VALUES ('M20221208121024', '1', '12.00', '1', '', 'lucyxu202208@gmail.com', '1', '', '2022-12-08 12:10:24.539000', '2022-12-08 12:10:24.539000', '0', '1');
INSERT INTO `order` VALUES ('M20221208121408', '1', '12.00', '1', '', 'yuanjie19890122@gmail.com', '1', '', '2022-12-08 12:14:08.814000', '2022-12-08 12:14:08.814000', '0', '1');
INSERT INTO `order` VALUES ('M20221208121655', '1', '12.00', '1', '', 'yuanjie19890122@gmail.com', '1', '', '2022-12-08 12:16:55.448000', '2022-12-08 12:16:55.448000', '0', '1');
INSERT INTO `order` VALUES ('M20221208123627', '1', '12.00', '1', '', 'lucyxu202208@gmail.com', '1', '', '2022-12-08 12:36:27.254000', '2022-12-08 12:36:27.254000', '0', '1');
INSERT INTO `order` VALUES ('M20221208123740', '1', '12.00', '1', '', 'lucyxu202208@gmail.com', '1', '', '2022-12-08 12:37:40.471000', '2022-12-08 12:37:40.471000', '0', '1');
INSERT INTO `order` VALUES ('M20221208125610', '1', '12.00', '1', '', 'lucyxu202208@gmail.com', '1', '', '2022-12-08 12:56:10.400000', '2022-12-08 12:56:10.400000', '0', '1');
INSERT INTO `order` VALUES ('M20221208125619', '1', '12.00', '1', '', 'lucyxu202208@gmail.com', '1', '', '2022-12-08 12:56:19.096000', '2022-12-08 12:56:19.096000', '0', '1');
INSERT INTO `order` VALUES ('M20221208125707', '1', '12.00', '1', '', 'yuanjie19890122@gmail.com', '1', '', '2022-12-08 12:57:07.446000', '2022-12-08 12:57:07.446000', '0', '1');
INSERT INTO `order` VALUES ('M20221208125747', '1', '12.00', '1', '', 'lucyxu202208@gmail.com', '1', '', '2022-12-08 12:57:47.768000', '2022-12-08 12:57:47.768000', '0', '1');
INSERT INTO `order` VALUES ('M20221208125902', '1', '12.00', '1', '', 'lucyxu202208@gmail.com', '1', '', '2022-12-08 12:59:02.195000', '2022-12-08 12:59:02.195000', '0', '1');
INSERT INTO `order` VALUES ('M20221208125912', '1', '12.00', '1', '', 'lucyxu202208@gmail.com', '1', '', '2022-12-08 12:59:12.490000', '2022-12-08 12:59:12.490000', '0', '1');
INSERT INTO `order` VALUES ('M20221208125924', '1', '12.00', '1', '', 'lucyxu202208@gmail.com', '1', '', '2022-12-08 12:59:24.567000', '2022-12-08 12:59:24.567000', '0', '1');
INSERT INTO `order` VALUES ('M20221208131413', '1', '12.00', '1', '', 'lucyxu202208@gmail.com', '1', '', '2022-12-08 13:14:13.330000', '2022-12-08 13:14:13.330000', '0', '1');
INSERT INTO `order` VALUES ('M20221208131419', '1', '12.00', '1', '', 'lucyxu202208@gmail.com', '1', '', '2022-12-08 13:14:19.853000', '2022-12-08 13:14:19.853000', '0', '1');
INSERT INTO `order` VALUES ('M20221208131619', '1', '12.00', '1', '', 'lucyxu202208@gmail.com', '1', '', '2022-12-08 13:16:19.875000', '2022-12-08 13:16:19.875000', '0', '1');
INSERT INTO `order` VALUES ('M20221208141700', '1', '12.00', '1', '', 'lucyxu202208@gmail.com', '1', '', '2022-12-08 14:17:00.389000', '2022-12-08 14:17:00.389000', '0', '1');
INSERT INTO `order` VALUES ('M20221208141857', '1', '12.00', '1', '', 'lucyxu202208@gmail.com', '1', '', '2022-12-08 14:18:57.116000', '2022-12-08 14:18:57.116000', '0', '1');
INSERT INTO `order` VALUES ('M20221208142526', '1', '12.00', '1', '', 'lucyxu202208@gmail.com', '1', '', '2022-12-08 14:25:26.823000', '2022-12-08 14:25:26.823000', '0', '1');
INSERT INTO `order` VALUES ('M20221208142807', '1', '12.00', '1', '', 'lucyxu202208@gmail.com', '1', '', '2022-12-08 14:28:07.273000', '2022-12-08 14:28:07.273000', '0', '1');
INSERT INTO `order` VALUES ('M20221208143420', '1', '12.00', '1', '', 'lucyxu202208@gmail.com', '1', '', '2022-12-08 14:34:20.740000', '2022-12-08 14:34:20.740000', '0', '1');
INSERT INTO `order` VALUES ('M20221208143920', '1', '12.00', '1', '', 'lucyxu202208@gmail.com', '1', '', '2022-12-08 14:39:20.341000', '2022-12-08 14:39:20.341000', '0', '1');
INSERT INTO `order` VALUES ('M20221208144329', '1', '12.00', '1', '', 'lucyxu202208@gmail.com', '1', '', '2022-12-08 14:43:29.338000', '2022-12-08 14:43:29.338000', '0', '1');
INSERT INTO `order` VALUES ('M20221208144412', '1', '12.00', '1', '', 'lucyxu202208@gmail.com', '1', '', '2022-12-08 14:44:12.165000', '2022-12-08 14:44:12.165000', '0', '1');
INSERT INTO `order` VALUES ('M20221208144550', '1', '12.00', '1', '', 'lucyxu202208@gmail.com', '1', '', '2022-12-08 14:45:50.885000', '2022-12-08 14:45:50.885000', '0', '1');
INSERT INTO `order` VALUES ('M20221208144625', '1', '12.00', '1', '', 'lucyxu202208@gmail.com', '1', '', '2022-12-08 14:46:25.893000', '2022-12-08 14:46:25.893000', '0', '1');
INSERT INTO `order` VALUES ('M20221208144828', '1', '12.00', '1', '', 'lucyxu202208@gmail.com', '1', '', '2022-12-08 14:48:28.876000', '2022-12-08 14:48:28.876000', '0', '1');
INSERT INTO `order` VALUES ('M20221208145015', '1', '12.00', '1', '', 'lucyxu202208@gmail.com', '1', '', '2022-12-08 14:50:15.590000', '2022-12-08 14:50:15.590000', '0', '1');
INSERT INTO `order` VALUES ('M20221208145708', '1', '12.00', '1', '', 'lucyxu202208@gmail.com', '1', '', '2022-12-08 14:57:08.115000', '2022-12-08 14:57:08.115000', '0', '1');
INSERT INTO `order` VALUES ('M20221208150132', '1', '12.00', '1', '', 'lucyxu202208@gmail.com', '1', '', '2022-12-08 15:01:32.683000', '2022-12-08 15:01:32.683000', '0', '1');
INSERT INTO `order` VALUES ('M20221208150251', '1', '12.00', '1', '', 'lucyxu202208@gmail.com', '1', '', '2022-12-08 15:02:51.699000', '2022-12-08 15:02:51.699000', '0', '1');
INSERT INTO `order` VALUES ('M20221208150428', '1', '12.00', '1', '', 'lucyxu202208@gmail.com', '1', '', '2022-12-08 15:04:28.228000', '2022-12-08 15:04:28.228000', '0', '1');
INSERT INTO `order` VALUES ('M20221208150707', '1', '12.00', '1', '', 'lucyxu202208@gmail.com', '1', '', '2022-12-08 15:07:07.772000', '2022-12-08 15:07:07.772000', '0', '1');
INSERT INTO `order` VALUES ('M20221208150902', '1', '12.00', '1', '', 'lucyxu202208@gmail.com', '1', '', '2022-12-08 15:09:02.907000', '2022-12-08 15:09:02.907000', '0', '1');
INSERT INTO `order` VALUES ('M20221208151224', '1', '12.00', '1', '', 'lucyxu202208@gmail.com', '1', '', '2022-12-08 15:12:24.455000', '2022-12-08 15:12:24.455000', '0', '1');
INSERT INTO `order` VALUES ('M20221208151714', '1', '12.00', '1', '', 'lucyxu202208@gmail.com', '1', '', '2022-12-08 15:17:14.889000', '2022-12-08 15:17:14.889000', '0', '1');
INSERT INTO `order` VALUES ('M20221208151830', '1', '12.00', '1', '', 'lucyxu202208@gmail.com', '1', '', '2022-12-08 15:18:30.863000', '2022-12-08 15:18:30.863000', '0', '1');
INSERT INTO `order` VALUES ('M20221208152110', '1', '12.00', '1', '', 'lucyxu202208@gmail.com', '1', '', '2022-12-08 15:21:10.706000', '2022-12-08 15:21:10.706000', '0', '1');
INSERT INTO `order` VALUES ('M20221208152645', '1', '12.00', '1', '', 'lucyxu202208@gmail.com', '1', '', '2022-12-08 15:26:45.564000', '2022-12-08 15:26:45.564000', '0', '1');
INSERT INTO `order` VALUES ('M20221208152808', '1', '12.00', '1', '', 'lucyxu202208@gmail.com', '1', '', '2022-12-08 15:28:08.879000', '2022-12-08 15:28:08.879000', '0', '1');
INSERT INTO `order` VALUES ('M20221208153132', '1', '12.00', '1', '', '843514174@qq.com', '1', '', '2022-12-08 15:31:32.707000', '2022-12-08 15:31:32.707000', '0', '1');
INSERT INTO `order` VALUES ('M20221208153602', '1', '12.00', '1', '', '843514174@qq.com', '1', '', '2022-12-08 15:36:02.701000', '2022-12-08 15:36:02.701000', '0', '1');
INSERT INTO `order` VALUES ('M20221208153637', '1', '12.00', '1', '', '843514174@qq.com', '1', '', '2022-12-08 15:36:37.850000', '2022-12-08 15:36:37.850000', '0', '1');
INSERT INTO `order` VALUES ('M20221208153729', '1', '12.00', '1', '', '843514174@qq.com', '1', '', '2022-12-08 15:37:29.880000', '2022-12-08 15:37:29.880000', '0', '1');
INSERT INTO `order` VALUES ('M20221208153740', '1', '12.00', '1', '', '843514174@qq.com', '1', '', '2022-12-08 15:37:40.404000', '2022-12-08 15:37:40.404000', '0', '1');
INSERT INTO `order` VALUES ('M20221208153748', '1', '12.00', '1', '', '843514174@qq.com', '1', '', '2022-12-08 15:37:48.716000', '2022-12-08 15:37:48.716000', '0', '1');
INSERT INTO `order` VALUES ('M20221208153907', '1', '12.00', '1', '', '843514174@qq.com', '1', '', '2022-12-08 15:39:07.726000', '2022-12-08 15:39:07.726000', '0', '1');
INSERT INTO `order` VALUES ('M20221208160656', '1', '12.00', '1', '', '843514174@qq.com', '1', '', '2022-12-08 16:06:56.706000', '2022-12-08 16:06:56.706000', '0', '1');
INSERT INTO `order` VALUES ('M20221208160800', '1', '12.00', '1', '', '843514174@qq.com', '1', '', '2022-12-08 16:08:00.288000', '2022-12-08 16:08:00.288000', '0', '1');
INSERT INTO `order` VALUES ('M20221208161534', '1', '12.00', '1', '', '843514174@qq.com', '1', '', '2022-12-08 16:15:34.743000', '2022-12-08 16:15:34.743000', '0', '1');
INSERT INTO `order` VALUES ('M20221208161552', '1', '12.00', '1', '', '843514174@qq.com', '1', '', '2022-12-08 16:15:52.720000', '2022-12-08 16:15:52.720000', '0', '1');
INSERT INTO `order` VALUES ('M20221208162925', '1', '12.16', '1', '', '843514174@qq.com', '1', '', '2022-12-08 16:29:25.666000', '2022-12-08 16:29:25.666000', '0', '1');
INSERT INTO `order` VALUES ('M20221208163016', '1', '12.16', '1', '', '843514174@qq.com', '1', '', '2022-12-08 16:30:16.789000', '2022-12-08 16:30:16.789000', '0', '1');
INSERT INTO `order` VALUES ('M20221208163025', '2', '24.16', '1', '', '843514174@qq.com', '1', '', '2022-12-08 16:30:25.299000', '2022-12-08 16:30:25.299000', '0', '1');
INSERT INTO `order` VALUES ('M20221208163038', '2', '24.16', '1', '', '843514174@qq.com', '1', '', '2022-12-08 16:30:38.668000', '2022-12-08 16:30:38.668000', '0', '1');
INSERT INTO `order` VALUES ('M20221208163048', '2', '24.16', '1', '', '843514174@qq.com', '1', '', '2022-12-08 16:30:48.772000', '2022-12-08 16:30:48.772000', '0', '1');
INSERT INTO `order` VALUES ('M20221208163622', '1', '12.16', '1', '', '843514174@qq.com', '1', '', '2022-12-08 16:36:22.423000', '2022-12-08 16:36:22.423000', '0', '1');
INSERT INTO `order` VALUES ('M20221208163645', '1', '12.16', '1', '', '843514174@qq.com', '1', '', '2022-12-08 16:36:45.698000', '2022-12-08 16:36:45.698000', '0', '1');
INSERT INTO `order` VALUES ('M20221208163706', '1', '12.16', '1', '', '843514174@qq.com', '1', '', '2022-12-08 16:37:06.332000', '2022-12-08 16:37:06.332000', '0', '1');
INSERT INTO `order` VALUES ('M20221208164035', '1', '12.16', '1', '', '843514174@qq.com', '1', '', '2022-12-08 16:40:35.269000', '2022-12-08 16:40:35.269000', '0', '1');
INSERT INTO `order` VALUES ('M20221208164232', '1', '12.16', '1', '', '843514174@qq.com', '1', '', '2022-12-08 16:42:32.449000', '2022-12-08 16:42:32.449000', '0', '1');
INSERT INTO `order` VALUES ('M20221208164258', '1', '12.16', '1', '', '843514174@qq.com', '1', '', '2022-12-08 16:42:58.293000', '2022-12-08 16:42:58.293000', '0', '1');
INSERT INTO `order` VALUES ('M20221208164303', '1', '12.16', '1', '', '843514174@qq.com', '1', '', '2022-12-08 16:43:03.722000', '2022-12-08 16:43:03.722000', '0', '1');
INSERT INTO `order` VALUES ('M20221208164317', '1', '12.16', '1', '', '843514174@qq.com', '1', '', '2022-12-08 16:43:17.897000', '2022-12-08 16:43:17.897000', '0', '1');
INSERT INTO `order` VALUES ('M20221208165135', '1', '12.16', '1', '', '843514174@qq.com', '1', '', '2022-12-08 16:51:35.834000', '2022-12-08 16:51:35.834000', '0', '1');
INSERT INTO `order` VALUES ('M20221208165143', '1', '12.16', '1', '', '843514174@qq.com', '1', '', '2022-12-08 16:51:43.724000', '2022-12-08 16:51:43.724000', '0', '1');
INSERT INTO `order` VALUES ('M20221208165328', '1', '12.16', '1', '', '843514174@qq.com', '1', '', '2022-12-08 16:53:28.951000', '2022-12-08 16:53:28.951000', '0', '1');
INSERT INTO `order` VALUES ('M20221208165515', '1', '12.16', '1', '', '843514174@qq.com', '1', '', '2022-12-08 16:55:15.582000', '2022-12-08 16:55:15.582000', '0', '1');
INSERT INTO `order` VALUES ('M20221208165827', '1', '12.16', '1', '', '843514174@qq.com', '1', '', '2022-12-08 16:58:27.967000', '2022-12-08 16:58:27.967000', '0', '1');
INSERT INTO `order` VALUES ('M20221208165835', '1', '12.16', '1', '', '843514174@qq.com', '1', '', '2022-12-08 16:58:35.649000', '2022-12-08 16:58:35.649000', '0', '1');
INSERT INTO `order` VALUES ('M20221208165849', '1', '12.16', '1', '', '843514174@qq.com', '1', '', '2022-12-08 16:58:49.310000', '2022-12-08 16:58:49.310000', '0', '1');
INSERT INTO `order` VALUES ('M20221208170452', '1', '12.16', '1', '', '843514174@qq.com', '1', '', '2022-12-08 17:04:52.906000', '2022-12-08 17:04:52.906000', '0', '1');
INSERT INTO `order` VALUES ('M20221208170653', '1', '12.16', '1', '', '843514174@qq.com', '1', '', '2022-12-08 17:06:53.807000', '2022-12-08 17:06:53.807000', '0', '1');
INSERT INTO `order` VALUES ('M20221208170754', '1', '12.16', '1', '', '843514174@qq.com', '1', '', '2022-12-08 17:07:54.818000', '2022-12-08 17:07:54.818000', '0', '1');
INSERT INTO `order` VALUES ('M20221208171102', '1', '12.16', '1', '', '843514174@qq.com', '1', '', '2022-12-08 17:11:02.434000', '2022-12-08 17:11:02.434000', '0', '1');
INSERT INTO `order` VALUES ('M20221208171219', '1', '12.16', '1', '', '843514174@qq.com', '1', '', '2022-12-08 17:12:19.720000', '2022-12-08 17:12:19.720000', '0', '1');
INSERT INTO `order` VALUES ('M20221208171235', '1', '12.16', '1', '', '843514174@qq.com', '1', '', '2022-12-08 17:12:35.258000', '2022-12-08 17:12:35.258000', '0', '1');
INSERT INTO `order` VALUES ('M20221208171319', '1', '12.16', '1', '', '843514174@qq.com', '1', '', '2022-12-08 17:13:19.254000', '2022-12-08 17:13:19.254000', '0', '1');
INSERT INTO `order` VALUES ('M20221208171345', '1', '12.16', '1', '', '843514174@qq.com', '1', '', '2022-12-08 17:13:45.456000', '2022-12-08 17:13:45.456000', '0', '1');
INSERT INTO `order` VALUES ('M20221208171430', '1', '12.16', '1', '', '843514174@qq.com', '1', '', '2022-12-08 17:14:30.675000', '2022-12-08 17:14:30.675000', '0', '1');
INSERT INTO `order` VALUES ('M20221208171440', '1', '12.16', '1', '', '843514174@qq.com', '1', '', '2022-12-08 17:14:40.211000', '2022-12-08 17:14:40.211000', '0', '1');
INSERT INTO `order` VALUES ('M20221208171441', '1', '12.16', '1', '', '843514174@qq.com', '1', '', '2022-12-08 17:14:41.666000', '2022-12-08 17:14:41.666000', '0', '1');
INSERT INTO `order` VALUES ('M20221208171500', '1', '12.16', '1', '', '843514174@qq.com', '1', '', '2022-12-08 17:15:00.452000', '2022-12-08 17:15:00.452000', '0', '1');
INSERT INTO `order` VALUES ('M20221208171502', '1', '12.16', '1', '', '843514174@qq.com', '1', '', '2022-12-08 17:15:02.682000', '2022-12-08 17:15:02.682000', '0', '1');
INSERT INTO `order` VALUES ('M20221208171505', '1', '12.16', '1', '', '843514174@qq.com', '1', '', '2022-12-08 17:15:05.637000', '2022-12-08 17:15:05.637000', '0', '1');
INSERT INTO `order` VALUES ('M20221208171622', '1', '12.16', '1', '', '843514174@qq.com', '1', '', '2022-12-08 17:16:22.153000', '2022-12-08 17:16:22.153000', '0', '1');
INSERT INTO `order` VALUES ('M20221208171625', '1', '12.16', '1', '', '843514174@qq.com', '1', '', '2022-12-08 17:16:25.695000', '2022-12-08 17:16:25.695000', '0', '1');
INSERT INTO `order` VALUES ('M20221208171628', '1', '12.16', '1', '', '843514174@qq.com', '1', '', '2022-12-08 17:16:28.110000', '2022-12-08 17:16:28.110000', '0', '1');
INSERT INTO `order` VALUES ('M20221208175851', '1', '12.16', '1', '', '843514174@qq.com', '1', '', '2022-12-08 17:58:51.100000', '2022-12-08 17:58:51.100000', '0', '1');
INSERT INTO `order` VALUES ('M20221208180226', '1', '12.16', '1', '', '843514174@qq.com', '1', '', '2022-12-08 18:02:26.588000', '2022-12-08 18:02:26.588000', '0', '1');
INSERT INTO `order` VALUES ('M20221208180243', '1', '12.16', '1', '', '843514174@qq.com', '1', '', '2022-12-08 18:02:43.428000', '2022-12-08 18:02:43.428000', '0', '1');
INSERT INTO `order` VALUES ('M20221208180327', '1', '12.16', '1', '', '843514174@qq.com', '1', '', '2022-12-08 18:03:27.559000', '2022-12-08 18:03:27.559000', '0', '1');
INSERT INTO `order` VALUES ('M20221208180603', '1', '12.16', '1', '', '843514174@qq.com', '1', '', '2022-12-08 18:06:03.886000', '2022-12-08 18:06:03.886000', '0', '1');
INSERT INTO `order` VALUES ('M20221208180634', '1', '12.16', '1', '', '843514174@qq.com', '1', '', '2022-12-08 18:06:34.239000', '2022-12-08 18:06:34.239000', '0', '1');
INSERT INTO `order` VALUES ('M20221208180646', '1', '12.16', '1', '', '843514174@qq.com', '1', '', '2022-12-08 18:06:46.421000', '2022-12-08 18:06:46.421000', '0', '1');
INSERT INTO `order` VALUES ('M20221208180702', '1', '12.16', '1', '', '843514174@qq.com', '1', '', '2022-12-08 18:07:02.156000', '2022-12-08 18:07:02.156000', '0', '1');
INSERT INTO `order` VALUES ('M20221208180737', '1', '12.16', '1', '', '843514174@qq.com', '1', '', '2022-12-08 18:07:37.237000', '2022-12-08 18:07:37.237000', '0', '1');
INSERT INTO `order` VALUES ('M20221208180800', '1', '12.16', '1', '', '843514174@qq.com', '1', '', '2022-12-08 18:08:00.278000', '2022-12-08 18:08:00.278000', '0', '1');
INSERT INTO `order` VALUES ('M20221208180828', '1', '12.16', '1', '', '843514174@qq.com', '1', '', '2022-12-08 18:08:28.900000', '2022-12-08 18:08:28.900000', '0', '1');
INSERT INTO `order` VALUES ('M20221208180836', '1', '12.16', '1', '', '843514174@qq.com', '1', '', '2022-12-08 18:08:36.658000', '2022-12-08 18:08:36.658000', '0', '1');
INSERT INTO `order` VALUES ('M20221208180901', '1', '12.16', '1', '', '843514174@qq.com', '1', '', '2022-12-08 18:09:01.098000', '2022-12-08 18:09:01.098000', '0', '1');
INSERT INTO `order` VALUES ('M20221208180939', '1', '12.16', '1', '', '843514174@qq.com', '1', '', '2022-12-08 18:09:39.037000', '2022-12-08 18:09:39.037000', '0', '1');
INSERT INTO `order` VALUES ('M20221208181048', '1', '12.16', '1', '', '843514174@qq.com', '1', '', '2022-12-08 18:10:48.568000', '2022-12-08 18:10:48.568000', '0', '1');
INSERT INTO `order` VALUES ('M20221208181402', '1', '12.16', '1', '', '843514174@qq.com', '1', '', '2022-12-08 18:14:02.525000', '2022-12-08 18:14:02.525000', '0', '1');
INSERT INTO `order` VALUES ('M20221208181453', '1', '12.16', '1', '', '843514174@qq.com', '1', '', '2022-12-08 18:14:53.294000', '2022-12-08 18:14:53.294000', '0', '1');
INSERT INTO `order` VALUES ('M20221208181524', '1', '12.16', '1', '', '843514174@qq.com', '1', '', '2022-12-08 18:15:24.461000', '2022-12-08 18:15:24.461000', '0', '1');
INSERT INTO `order` VALUES ('M20221208181623', '1', '12.16', '1', '', '843514174@qq.com', '1', '', '2022-12-08 18:16:23.778000', '2022-12-08 18:16:23.778000', '0', '1');
INSERT INTO `order` VALUES ('M20221208181843', '1', '12.16', '1', '', '843514174@qq.com', '1', '', '2022-12-08 18:18:43.134000', '2022-12-08 18:18:43.134000', '0', '1');
INSERT INTO `order` VALUES ('M20221208181854', '1', '12.16', '1', '', '843514174@qq.com', '1', '', '2022-12-08 18:18:54.676000', '2022-12-08 18:18:54.676000', '0', '1');
INSERT INTO `order` VALUES ('M20221208181922', '1', '12.16', '1', '', '843514174@qq.com', '1', '', '2022-12-08 18:19:22.763000', '2022-12-08 18:19:22.763000', '0', '1');
INSERT INTO `order` VALUES ('M20221208182010', '1', '12.16', '1', '', '843514174@qq.com', '1', '', '2022-12-08 18:20:10.549000', '2022-12-08 18:20:10.549000', '0', '1');
INSERT INTO `order` VALUES ('M20221208184436', '1', '12.16', '1', '', '843514174@qq.com', '1', '', '2022-12-08 18:44:36.621000', '2022-12-08 18:44:36.621000', '0', '1');
INSERT INTO `order` VALUES ('M20221208184535', '1', '12.16', '1', '', '843514174@qq.com', '1', '', '2022-12-08 18:45:35.727000', '2022-12-08 18:45:35.727000', '0', '1');
INSERT INTO `order` VALUES ('M20221208185348', '1', '12.16', '1', '', '843514174@qq.com', '1', '', '2022-12-08 18:53:48.248000', '2022-12-08 18:53:48.248000', '0', '1');
INSERT INTO `order` VALUES ('M20221208185548', '1', '12.16', '1', '', '843514174@qq.com', '1', '', '2022-12-08 18:55:48.935000', '2022-12-08 18:55:48.935000', '0', '1');
INSERT INTO `order` VALUES ('M20221208190843', '1', '12.16', '1', '', '843514174@qq.com', '1', '', '2022-12-08 19:08:43.261000', '2022-12-08 19:08:43.261000', '0', '1');
INSERT INTO `order` VALUES ('M20221208200858', '1', '12.16', '1', '', '843514174@qq.com', '1', '', '2022-12-08 20:08:58.411000', '2022-12-08 20:08:58.411000', '0', '1');
INSERT INTO `order` VALUES ('M20221208201208', '1', '12.16', '1', '', '843514174@qq.com', '1', '', '2022-12-08 20:12:08.549000', '2022-12-08 20:12:08.549000', '0', '1');
INSERT INTO `order` VALUES ('M20221208202732', '1', '12.16', '1', '', '843514174@qq.com', '1', '', '2022-12-08 20:27:32.445000', '2022-12-08 20:27:32.445000', '0', '1');
INSERT INTO `order` VALUES ('M20221209104204', '1', '12.16', '1', '', '843514174@qq.com', '1', '', '2022-12-09 10:42:04.374000', '2022-12-09 10:42:04.374000', '0', '1');
INSERT INTO `order` VALUES ('M20221209104225', '2', '24.16', '1', '', '843514174@qq.com', '1', '', '2022-12-09 10:42:25.413000', '2022-12-09 10:42:25.413000', '0', '1');
INSERT INTO `order` VALUES ('M20221209110456', '1', '12.16', '1', '', '843514174@qq.com', '1', '', '2022-12-09 11:04:56.675000', '2022-12-09 11:04:56.675000', '0', '1');
INSERT INTO `order` VALUES ('M20221209111500', '1', '12.16', '1', '', '843514174@qq.com', '5', '2022121022001475460505931076', '2022-12-09 11:15:00.090000', '2022-12-15 11:05:55.747000', '0', '1');
INSERT INTO `order` VALUES ('M20221209114335', '1', '12.16', '2', '', '843514174@qq.com', '1', '', '2022-12-09 11:43:35.449000', '2022-12-09 11:43:35.449000', '0', '1');
INSERT INTO `order` VALUES ('M20221209114419', '1', '12.16', '1', '', '843514174@qq.com', '5', '2022121022001475460505931194', '2022-12-09 11:44:19.495000', '2022-12-15 11:05:52.153000', '0', '1');
INSERT INTO `order` VALUES ('M20221209114906', '1', '12.16', '2', '', '843514174@qq.com', '1', '', '2022-12-09 11:49:06.273000', '2022-12-09 11:49:06.273000', '0', '1');
INSERT INTO `order` VALUES ('M20221209114944', '1', '12.16', '1', '', '843514174@qq.com', '1', '', '2022-12-09 11:49:44.693000', '2022-12-09 11:49:44.693000', '0', '1');
INSERT INTO `order` VALUES ('M20221209121141', '1', '12.16', '2', '', '843514174@qq.com', '1', '', '2022-12-09 12:11:41.589000', '2022-12-09 12:11:41.589000', '0', '1');
INSERT INTO `order` VALUES ('M20221209121315', '1', '12.16', '1', '', '843514174@qq.com', '1', '', '2022-12-09 12:13:15.139000', '2022-12-09 12:13:15.139000', '0', '1');
INSERT INTO `order` VALUES ('M20221209121919', '1', '12.16', '2', '', '843514174@qq.com', '1', '', '2022-12-09 12:19:19.367000', '2022-12-09 12:19:19.367000', '0', '1');
INSERT INTO `order` VALUES ('M20221209122516', '1', '12.16', '1', '', '843514174@qq.com', '1', '', '2022-12-09 12:25:16.958000', '2022-12-09 12:25:16.958000', '0', '1');
INSERT INTO `order` VALUES ('M20221209123847', '1', '12.16', '1', '', '843514174@qq.com', '1', '', '2022-12-09 12:38:47.483000', '2022-12-09 12:38:47.483000', '0', '1');
INSERT INTO `order` VALUES ('M20221209123851', '1', '12.16', '2', '', '843514174@qq.com', '1', '', '2022-12-09 12:38:51.826000', '2022-12-09 12:38:51.826000', '0', '1');
INSERT INTO `order` VALUES ('M20221209123856', '1', '12.16', '1', '', '843514174@qq.com', '1', '', '2022-12-09 12:38:56.616000', '2022-12-09 12:38:56.616000', '0', '1');
INSERT INTO `order` VALUES ('M20221209123928', '1', '12.16', '2', '', '843514174@qq.com', '1', '', '2022-12-09 12:39:28.113000', '2022-12-09 12:39:28.113000', '0', '1');
INSERT INTO `order` VALUES ('M20221209123957', '1', '12.16', '2', '', '843514174@qq.com', '1', '', '2022-12-09 12:39:57.361000', '2022-12-09 12:39:57.361000', '0', '1');
INSERT INTO `order` VALUES ('M20221209124242', '1', '12.16', '2', '', '843514174@qq.com', '1', '', '2022-12-09 12:42:42.002000', '2022-12-09 12:42:42.002000', '0', '1');
INSERT INTO `order` VALUES ('M20221209124613', '1', '12.16', '2', '', '843514174@qq.com', '1', '', '2022-12-09 12:46:13.030000', '2022-12-09 12:46:13.030000', '0', '1');
INSERT INTO `order` VALUES ('M20221209124624', '1', '12.16', '2', '', '843514174@qq.com', '1', '', '2022-12-09 12:46:24.313000', '2022-12-09 12:46:24.313000', '0', '1');
INSERT INTO `order` VALUES ('M20221209124644', '1', '12.16', '2', '', '843514174@qq.com', '1', '', '2022-12-09 12:46:44.727000', '2022-12-09 12:46:44.727000', '0', '1');
INSERT INTO `order` VALUES ('M20221209124959', '1', '12.16', '2', '', '843514174@qq.com', '1', '', '2022-12-09 12:49:59.069000', '2022-12-09 12:49:59.069000', '0', '1');
INSERT INTO `order` VALUES ('M20221209125003', '1', '12.16', '2', '', '843514174@qq.com', '1', '', '2022-12-09 12:50:03.836000', '2022-12-09 12:50:03.836000', '0', '1');
INSERT INTO `order` VALUES ('M20221209125019', '1', '12.16', '2', '', '843514174@qq.com', '1', '', '2022-12-09 12:50:19.948000', '2022-12-09 12:50:19.948000', '0', '1');
INSERT INTO `order` VALUES ('M20221209125231', '1', '12.16', '2', '', '843514174@qq.com', '1', '', '2022-12-09 12:52:31.508000', '2022-12-09 12:52:31.508000', '0', '1');
INSERT INTO `order` VALUES ('M20221209125321', '1', '12.16', '2', '', '843514174@qq.com', '1', '', '2022-12-09 12:53:21.653000', '2022-12-09 12:53:21.653000', '0', '1');
INSERT INTO `order` VALUES ('M20221209125811', '1', '12.16', '2', '', '843514174@qq.com', '1', '', '2022-12-09 12:58:11.517000', '2022-12-09 12:58:11.517000', '0', '1');
INSERT INTO `order` VALUES ('M20221209125830', '1', '12.16', '2', '', '843514174@qq.com', '1', '', '2022-12-09 12:58:30.972000', '2022-12-09 12:58:30.972000', '0', '1');
INSERT INTO `order` VALUES ('M20221209125844', '1', '12.16', '2', '', '843514174@qq.com', '1', '', '2022-12-09 12:58:44.901000', '2022-12-09 12:58:44.901000', '0', '1');
INSERT INTO `order` VALUES ('M20221209125907', '1', '12.16', '1', '', '843514174@qq.com', '2', '2022121022001475460505931195', '2022-12-09 12:59:07.786000', '2022-12-09 13:01:09.314000', '0', '1');
INSERT INTO `order` VALUES ('M20221209132227', '1', '12.16', '2', '', '843514174@qq.com', '1', '', '2022-12-09 13:22:27.184000', '2022-12-09 13:22:27.184000', '0', '1');
INSERT INTO `order` VALUES ('M20221209132232', '1', '12.16', '2', '', '843514174@qq.com', '1', '', '2022-12-09 13:22:32.449000', '2022-12-09 13:22:32.449000', '0', '1');
INSERT INTO `order` VALUES ('M20221209132249', '1', '12.16', '1', '', '843514174@qq.com', '1', '', '2022-12-09 13:22:49.219000', '2022-12-09 13:22:49.219000', '0', '1');
INSERT INTO `order` VALUES ('M20221209132252', '1', '12.16', '2', '', '843514174@qq.com', '1', '', '2022-12-09 13:22:52.382000', '2022-12-09 13:22:52.382000', '0', '1');
INSERT INTO `order` VALUES ('M20221209132305', '1', '12.16', '2', '', '843514174@qq.com', '1', '', '2022-12-09 13:23:05.686000', '2022-12-09 13:23:05.686000', '0', '1');
INSERT INTO `order` VALUES ('M20221209132309', '1', '12.16', '2', '', '843514174@qq.com', '1', '', '2022-12-09 13:23:09.316000', '2022-12-09 13:23:09.316000', '0', '1');
INSERT INTO `order` VALUES ('M20221209132321', '1', '12.16', '2', '', '843514174@qq.com', '1', '', '2022-12-09 13:23:21.752000', '2022-12-09 13:23:21.752000', '0', '1');
INSERT INTO `order` VALUES ('M20221209141214', '1', '12.16', '2', '', '843514174@qq.com', '1', '', '2022-12-09 14:12:14.902000', '2022-12-09 14:12:14.902000', '0', '1');
INSERT INTO `order` VALUES ('M20221209141224', '1', '12.16', '2', '', '843514174@qq.com', '1', '', '2022-12-09 14:12:24.225000', '2022-12-09 14:12:24.225000', '0', '1');
INSERT INTO `order` VALUES ('M20221209141404', '1', '12.16', '2', '', '843514174@qq.com', '1', '', '2022-12-09 14:14:04.585000', '2022-12-09 14:14:04.585000', '0', '1');
INSERT INTO `order` VALUES ('M20221209141410', '1', '12.16', '2', '', '843514174@qq.com', '1', '', '2022-12-09 14:14:10.400000', '2022-12-09 14:14:10.400000', '0', '1');
INSERT INTO `order` VALUES ('M20221209141610', '1', '12.16', '2', '', '843514174@qq.com', '1', '', '2022-12-09 14:16:10.093000', '2022-12-09 14:16:10.093000', '0', '1');
INSERT INTO `order` VALUES ('M20221209141614', '1', '12.16', '2', '', '843514174@qq.com', '1', '', '2022-12-09 14:16:14.811000', '2022-12-09 14:16:14.811000', '0', '1');
INSERT INTO `order` VALUES ('M20221209141620', '1', '12.16', '2', '', '843514174@qq.com', '1', '', '2022-12-09 14:16:20.578000', '2022-12-09 14:16:20.578000', '0', '1');
INSERT INTO `order` VALUES ('M20221209143740', '1', '12.16', '1', '', '843514174@qq.com', '1', '', '2022-12-09 14:37:40.951000', '2022-12-09 14:37:40.951000', '0', '1');
INSERT INTO `order` VALUES ('M20221209143759', '1', '12.16', '1', '', '843514174@qq.com', '1', '', '2022-12-09 14:37:59.704000', '2022-12-09 14:37:59.704000', '0', '1');
INSERT INTO `order` VALUES ('M20221209143817', '1', '12.16', '1', '', '843514174@qq.com', '1', '', '2022-12-09 14:38:17.021000', '2022-12-09 14:38:17.021000', '0', '1');
INSERT INTO `order` VALUES ('M20221209143913', '1', '12.16', '2', '', '843514174@qq.com', '1', '', '2022-12-09 14:39:13.093000', '2022-12-09 14:39:13.093000', '0', '1');
INSERT INTO `order` VALUES ('M20221209144225', '1', '12.16', '2', '', '843514174@qq.com', '1', '', '2022-12-09 14:42:25.870000', '2022-12-09 14:42:25.870000', '0', '1');
INSERT INTO `order` VALUES ('M20221209144245', '1', '12.16', '2', '', '843514174@qq.com', '1', '', '2022-12-09 14:42:45.413000', '2022-12-09 14:42:45.413000', '0', '1');
INSERT INTO `order` VALUES ('M20221209144248', '1', '12.16', '2', '', '843514174@qq.com', '1', '', '2022-12-09 14:42:48.459000', '2022-12-09 14:42:48.459000', '0', '1');
INSERT INTO `order` VALUES ('M20221209144305', '1', '12.16', '2', '', '843514174@qq.com', '1', '', '2022-12-09 14:43:05.539000', '2022-12-09 14:43:05.539000', '0', '1');
INSERT INTO `order` VALUES ('M20221209144313', '1', '12.16', '2', '', '843514174@qq.com', '1', '', '2022-12-09 14:43:13.572000', '2022-12-09 14:43:13.572000', '0', '1');
INSERT INTO `order` VALUES ('M20221209144316', '1', '12.16', '2', '', '843514174@qq.com', '1', '', '2022-12-09 14:43:16.098000', '2022-12-09 14:43:16.098000', '0', '1');
INSERT INTO `order` VALUES ('M20221209144318', '1', '12.16', '2', '', '843514174@qq.com', '1', '', '2022-12-09 14:43:18.533000', '2022-12-09 14:43:18.533000', '0', '1');
INSERT INTO `order` VALUES ('M20221209144329', '1', '12.16', '2', '', '843514174@qq.com', '1', '', '2022-12-09 14:43:29.504000', '2022-12-09 14:43:29.504000', '0', '1');
INSERT INTO `order` VALUES ('M20221209144332', '1', '12.16', '2', '', '843514174@qq.com', '1', '', '2022-12-09 14:43:32.617000', '2022-12-09 14:43:32.618000', '0', '1');
INSERT INTO `order` VALUES ('M20221209144340', '1', '12.16', '2', '', '843514174@qq.com', '1', '', '2022-12-09 14:43:40.992000', '2022-12-09 14:43:40.992000', '0', '1');
INSERT INTO `order` VALUES ('M20221209144343', '1', '12.16', '2', '', '843514174@qq.com', '1', '', '2022-12-09 14:43:43.527000', '2022-12-09 14:43:43.527000', '0', '1');
INSERT INTO `order` VALUES ('M20221209144345', '1', '12.16', '2', '', '843514174@qq.com', '1', '', '2022-12-09 14:43:45.923000', '2022-12-09 14:43:45.923000', '0', '1');
INSERT INTO `order` VALUES ('M20221209144348', '1', '12.16', '2', '', '843514174@qq.com', '1', '', '2022-12-09 14:43:48.238000', '2022-12-09 14:43:48.238000', '0', '1');
INSERT INTO `order` VALUES ('M20221209144416', '1', '12.16', '2', '', '843514174@qq.com', '1', '', '2022-12-09 14:44:16.808000', '2022-12-09 14:44:16.808000', '0', '1');
INSERT INTO `order` VALUES ('M20221209144420', '1', '12.16', '2', '', '843514174@qq.com', '1', '', '2022-12-09 14:44:20.730000', '2022-12-09 14:44:20.730000', '0', '1');
INSERT INTO `order` VALUES ('M20221209144727', '1', '12.16', '1', '', '843514174@qq.com', '1', '', '2022-12-09 14:47:27.953000', '2022-12-09 14:47:27.953000', '0', '1');
INSERT INTO `order` VALUES ('M20221209144738', '1', '12.16', '2', '', '843514174@qq.com', '1', '', '2022-12-09 14:47:38.336000', '2022-12-09 14:47:38.336000', '0', '1');
INSERT INTO `order` VALUES ('M20221209144748', '1', '12.16', '2', '', '843514174@qq.com', '1', '', '2022-12-09 14:47:48.132000', '2022-12-09 14:47:48.132000', '0', '1');
INSERT INTO `order` VALUES ('M20221209144752', '1', '12.16', '2', '', '843514174@qq.com', '1', '', '2022-12-09 14:47:52.119000', '2022-12-09 14:47:52.119000', '0', '1');
INSERT INTO `order` VALUES ('M20221209144754', '1', '12.16', '2', '', '843514174@qq.com', '1', '', '2022-12-09 14:47:54.480000', '2022-12-09 14:47:54.480000', '0', '1');
INSERT INTO `order` VALUES ('M20221209144758', '1', '12.16', '2', '', '843514174@qq.com', '1', '', '2022-12-09 14:47:58.447000', '2022-12-09 14:47:58.447000', '0', '1');
INSERT INTO `order` VALUES ('M20221209144807', '1', '12.16', '2', '', '843514174@qq.com', '1', '', '2022-12-09 14:48:07.055000', '2022-12-09 14:48:07.055000', '0', '1');
INSERT INTO `order` VALUES ('M20221209144829', '1', '12.16', '2', '', '843514174@qq.com', '1', '', '2022-12-09 14:48:29.272000', '2022-12-09 14:48:29.272000', '0', '1');
INSERT INTO `order` VALUES ('M20221209144833', '1', '12.16', '2', '', '843514174@qq.com', '1', '', '2022-12-09 14:48:33.422000', '2022-12-09 14:48:33.422000', '0', '1');
INSERT INTO `order` VALUES ('M20221209144837', '1', '12.16', '2', '', '843514174@qq.com', '1', '', '2022-12-09 14:48:37.811000', '2022-12-09 14:48:37.811000', '0', '1');
INSERT INTO `order` VALUES ('M20221209144847', '1', '12.16', '2', '', '843514174@qq.com', '1', '', '2022-12-09 14:48:47.261000', '2022-12-09 14:48:47.261000', '0', '1');
INSERT INTO `order` VALUES ('M20221209144852', '1', '12.16', '2', '', '843514174@qq.com', '1', '', '2022-12-09 14:48:52.527000', '2022-12-09 14:48:52.527000', '0', '1');
INSERT INTO `order` VALUES ('M20221209144856', '1', '12.16', '2', '', '843514174@qq.com', '1', '', '2022-12-09 14:48:56.258000', '2022-12-09 14:48:56.258000', '0', '1');
INSERT INTO `order` VALUES ('M20221209144901', '1', '12.16', '2', '', '843514174@qq.com', '1', '', '2022-12-09 14:49:01.881000', '2022-12-09 14:49:01.881000', '0', '1');
INSERT INTO `order` VALUES ('M20221209144933', '1', '12.16', '2', '', '843514174@qq.com', '1', '', '2022-12-09 14:49:33.498000', '2022-12-09 14:49:33.498000', '0', '1');
INSERT INTO `order` VALUES ('M20221209144936', '1', '12.16', '1', '', '843514174@qq.com', '1', '', '2022-12-09 14:49:36.284000', '2022-12-09 14:49:36.284000', '0', '1');
INSERT INTO `order` VALUES ('M20221209144943', '1', '12.16', '2', '', '843514174@qq.com', '1', '', '2022-12-09 14:49:43.905000', '2022-12-09 14:49:43.905000', '0', '1');
INSERT INTO `order` VALUES ('M20221209144946', '1', '12.16', '2', '', '843514174@qq.com', '1', '', '2022-12-09 14:49:46.660000', '2022-12-09 14:49:46.660000', '0', '1');
INSERT INTO `order` VALUES ('M20221209144949', '1', '12.16', '2', '', '843514174@qq.com', '1', '', '2022-12-09 14:49:49.041000', '2022-12-09 14:49:49.041000', '0', '1');
INSERT INTO `order` VALUES ('M20221209144952', '1', '12.16', '2', '', '843514174@qq.com', '1', '', '2022-12-09 14:49:52.282000', '2022-12-09 14:49:52.282000', '0', '1');
INSERT INTO `order` VALUES ('M20221209144956', '1', '12.16', '2', '', '843514174@qq.com', '1', '', '2022-12-09 14:49:56.195000', '2022-12-09 14:49:56.195000', '0', '1');
INSERT INTO `order` VALUES ('M20221209145100', '1', '12.16', '2', '', '843514174@qq.com', '1', '', '2022-12-09 14:51:00.227000', '2022-12-09 14:51:00.227000', '0', '1');
INSERT INTO `order` VALUES ('M20221209145211', '1', '12.16', '2', '', '843514174@qq.com', '1', '', '2022-12-09 14:52:11.006000', '2022-12-09 14:52:11.006000', '0', '1');
INSERT INTO `order` VALUES ('M20221209145214', '1', '12.16', '1', '', '843514174@qq.com', '1', '', '2022-12-09 14:52:14.527000', '2022-12-09 14:52:14.527000', '0', '1');
INSERT INTO `order` VALUES ('M20221209212839', '1', '12.16', '2', '', '843514174@qq.com', '1', '', '2022-12-09 21:28:39.729000', '2022-12-09 21:28:39.729000', '0', '1');
INSERT INTO `order` VALUES ('M20221209212844', '1', '12.16', '2', '', '843514174@qq.com', '1', '', '2022-12-09 21:28:44.466000', '2022-12-09 21:28:44.466000', '0', '1');
INSERT INTO `order` VALUES ('M20221209212848', '1', '12.16', '2', '', '843514174@qq.com', '1', '', '2022-12-09 21:28:48.156000', '2022-12-09 21:28:48.156000', '0', '1');
INSERT INTO `order` VALUES ('M20221209212905', '1', '12.16', '2', '', '843514174@qq.com', '1', '', '2022-12-09 21:29:05.583000', '2022-12-09 21:29:05.583000', '0', '1');
INSERT INTO `order` VALUES ('M20221209213019', '1', '12.16', '2', '', '843514174@qq.com', '1', '', '2022-12-09 21:30:19.021000', '2022-12-09 21:30:19.021000', '0', '1');
INSERT INTO `order` VALUES ('M20221209213143', '1', '12.16', '2', '', '843514174@qq.com', '1', '', '2022-12-09 21:31:43.675000', '2022-12-09 21:31:43.675000', '0', '1');
INSERT INTO `order` VALUES ('M20221209213148', '1', '12.16', '2', '', '843514174@qq.com', '1', '', '2022-12-09 21:31:48.049000', '2022-12-09 21:31:48.049000', '0', '1');
INSERT INTO `order` VALUES ('M20221209213150', '1', '12.16', '2', '', '843514174@qq.com', '1', '', '2022-12-09 21:31:50.387000', '2022-12-09 21:31:50.387000', '0', '1');
INSERT INTO `order` VALUES ('M20221209213152', '1', '12.16', '2', '', '843514174@qq.com', '1', '', '2022-12-09 21:31:52.782000', '2022-12-09 21:31:52.782000', '0', '1');
INSERT INTO `order` VALUES ('M20221209213156', '1', '12.16', '1', '', '843514174@qq.com', '1', '', '2022-12-09 21:31:56.463000', '2022-12-09 21:31:56.463000', '0', '1');
INSERT INTO `order` VALUES ('M20221209213159', '1', '12.16', '2', '', '843514174@qq.com', '1', '', '2022-12-09 21:31:59.456000', '2022-12-09 21:31:59.456000', '0', '1');
INSERT INTO `order` VALUES ('M20221209213202', '1', '12.16', '2', '', '843514174@qq.com', '1', '', '2022-12-09 21:32:02.630000', '2022-12-09 21:32:02.630000', '0', '1');
INSERT INTO `order` VALUES ('M20221209213205', '1', '12.16', '2', '', '843514174@qq.com', '1', '', '2022-12-09 21:32:05.481000', '2022-12-09 21:32:05.481000', '0', '1');
INSERT INTO `order` VALUES ('M20221209213208', '1', '12.16', '2', '', '843514174@qq.com', '1', '', '2022-12-09 21:32:08.148000', '2022-12-09 21:32:08.148000', '0', '1');
INSERT INTO `order` VALUES ('M20221209213214', '1', '12.16', '2', '', '843514174@qq.com', '1', '', '2022-12-09 21:32:14.303000', '2022-12-09 21:32:14.303000', '0', '1');
INSERT INTO `order` VALUES ('M20221209213221', '1', '12.16', '2', '', '843514174@qq.com', '1', '', '2022-12-09 21:32:21.563000', '2022-12-09 21:32:21.563000', '0', '1');
INSERT INTO `order` VALUES ('M20221209213230', '1', '12.16', '2', '', '843514174@qq.com', '1', '', '2022-12-09 21:32:30.944000', '2022-12-09 21:32:30.944000', '0', '1');
INSERT INTO `order` VALUES ('M20221209213235', '1', '12.16', '2', '', '843514174@qq.com', '1', '', '2022-12-09 21:32:35.338000', '2022-12-09 21:32:35.338000', '0', '1');
INSERT INTO `order` VALUES ('M20221209213245', '1', '12.16', '1', '', '843514174@qq.com', '1', '', '2022-12-09 21:32:45.295000', '2022-12-09 21:32:45.295000', '0', '1');
INSERT INTO `order` VALUES ('M20221210104058', '1', '12.16', '1', '', '843514174@qq.com', '2', '2022121022001475460505931522', '2022-12-10 10:40:58.287000', '2022-12-10 10:41:49.919000', '0', '1');
INSERT INTO `order` VALUES ('M20221210104341', '1', '12.16', '1', '', '843514174@qq.com', '2', '2022121022001475460505931627', '2022-12-10 10:43:41.621000', '2022-12-10 10:44:35.340000', '0', '1');
INSERT INTO `order` VALUES ('M20221210105436', '1', '12.16', '1', '', '843514174@qq.com', '2', '2022121022001475460505931628', '2022-12-10 10:54:36.929000', '2022-12-10 10:55:06.169000', '0', '1');
INSERT INTO `order` VALUES ('M20221210110612', '1', '12.16', '1', '', '843514174@qq.com', '2', '2022121122001475460505931523', '2022-12-10 11:06:12.988000', '2022-12-10 11:06:45.736000', '0', '1');
INSERT INTO `order` VALUES ('M20221210110842', '1', '12.16', '1', '', '843514174@qq.com', '5', '2022121122001475460505931524', '2022-12-10 11:08:42.933000', '2022-12-16 10:45:46.938000', '0', '1');
INSERT INTO `order` VALUES ('M20221210111237', '1', '12.16', '1', '', '843514174@qq.com', '2', '2022121122001475460505931772', '2022-12-10 11:12:37.824000', '2022-12-10 11:13:07.275000', '0', '1');
INSERT INTO `order` VALUES ('M20221210111503', '1', '12.16', '1', '', '843514174@qq.com', '2', '2022121122001475460505931629', '2022-12-10 11:15:03.139000', '2022-12-10 11:15:32.397000', '0', '1');
INSERT INTO `order` VALUES ('M20221210111555', '1', '12.16', '1', '', '843514174@qq.com', '1', '', '2022-12-10 11:15:55.593000', '2022-12-10 11:15:55.593000', '0', '1');
INSERT INTO `order` VALUES ('M20221210111617', '1', '12.16', '1', '', '843514174@qq.com', '2', '2022121122001475460505931914', '2022-12-10 11:16:17.147000', '2022-12-10 11:16:58.756000', '0', '1');
INSERT INTO `order` VALUES ('M20221210112530', '1', '12.16', '1', '', '843514174@qq.com', '2', '2022121122001475460505931525', '2022-12-10 11:25:30.384000', '2022-12-10 11:26:11.007000', '0', '1');
INSERT INTO `order` VALUES ('M20221210112714', '1', '12.16', '1', '', '843514174@qq.com', '1', '', '2022-12-10 11:27:14.387000', '2022-12-10 11:27:14.387000', '0', '1');
INSERT INTO `order` VALUES ('M20221210112718', '1', '12.16', '1', '', '843514174@qq.com', '2', '2022121122001475460505931915', '2022-12-10 11:27:18.119000', '2022-12-10 11:27:47.038000', '0', '1');
INSERT INTO `order` VALUES ('M20221210112927', '1', '12.16', '1', '', '843514174@qq.com', '1', '', '2022-12-10 11:29:27.718000', '2022-12-10 11:29:27.718000', '0', '1');
INSERT INTO `order` VALUES ('M20221210113013', '1', '12.16', '1', '', '843514174@qq.com', '1', '', '2022-12-10 11:30:13.711000', '2022-12-10 11:30:13.711000', '0', '1');
INSERT INTO `order` VALUES ('M20221210190316', '1', '12.16', '1', '', '843514174@qq.com', '5', '2022121122001475460505931630', '2022-12-10 19:03:16.675000', '2022-12-15 22:20:48.208000', '0', '1');
INSERT INTO `order` VALUES ('M20221210190720', '1', '12.16', '1', '', '843514174@qq.com', '2', '2022121122001475460505931773', '2022-12-10 19:07:20.839000', '2022-12-10 19:08:01.033000', '0', '1');
INSERT INTO `order` VALUES ('M20221211085020', '1', '12.16', '1', '', '843514174@qq.com', '5', '2022121122001475460505931527', '2022-12-11 08:50:20.361000', '2022-12-16 10:48:30.061000', '0', '1');
INSERT INTO `order` VALUES ('M20221211085822', '1', '12.16', '1', '', '843514174@qq.com', '2', '2022121122001475460505931632', '2022-12-11 08:58:22.318000', '2022-12-11 08:59:04.603000', '0', '1');
INSERT INTO `order` VALUES ('M20221211090234', '1', '12.16', '1', '', '843514174@qq.com', '2', '2022121122001475460505931919', '2022-12-11 09:02:34.866000', '2022-12-11 09:03:17.106000', '0', '1');
INSERT INTO `order` VALUES ('M20221211213057', '1', '12.16', '1', '', '843514174@qq.com', '1', '', '2022-12-11 21:30:57.109000', '2022-12-11 21:30:57.109000', '0', '1');
INSERT INTO `order` VALUES ('M20221211213156', '1', '12.16', '1', '', '843514174@qq.com', '5', '2022121222001475460505932067', '2022-12-11 21:31:56.526000', '2022-12-15 22:07:49.967000', '0', '1');
INSERT INTO `order` VALUES ('M20221212135036', '1', '12.16', '1', '', '843514174@qq.com', '5', '2022121322001475460505932068', '2022-12-12 13:50:36.756000', '2022-12-15 22:13:37.708000', '0', '1');
INSERT INTO `order` VALUES ('M20221212135734', '1', '12.16', '1', '', '843514174@qq.com', '2', '2022121322001475460505932211', '2022-12-12 13:57:34.438000', '2022-12-12 14:01:19.821000', '0', '1');
INSERT INTO `order` VALUES ('M20221212140940', '1', '12.16', '1', '', '843514174@qq.com', '1', '', '2022-12-12 14:09:40.434000', '2022-12-12 14:09:40.434000', '0', '1');
INSERT INTO `order` VALUES ('M20221212141003', '1', '12.16', '1', '', '843514174@qq.com', '5', '2022121322001475460505932451', '2022-12-12 14:10:03.471000', '2022-12-15 22:09:03.150000', '0', '1');
INSERT INTO `order` VALUES ('M20221212141128', '1', '12.16', '1', '', '843514174@qq.com', '5', '2022121322001475460505932212', '2022-12-12 14:11:28.865000', '2022-12-15 22:19:39.739000', '0', '1');
INSERT INTO `order` VALUES ('M20221212145523', '1', '12.16', '1', '', '843514174@qq.com', '5', '2022121322001475460505932213', '2022-12-12 14:55:23.031000', '2022-12-16 10:41:40.361000', '0', '1');
INSERT INTO `order` VALUES ('M20221212150738', '1', '12.16', '1', '', '843514174@qq.com', '1', '', '2022-12-12 15:07:38.349000', '2022-12-12 15:07:38.349000', '0', '1');
INSERT INTO `order` VALUES ('M20221212150918', '1', '12.16', '1', '', '843514174@qq.com', '5', '2022121322001475460505932214', '2022-12-12 15:09:18.004000', '2022-12-15 22:05:58.445000', '0', '1');
INSERT INTO `order` VALUES ('M20221212160053', '1', '12.16', '1', '', '843514174@qq.com', '2', '2022121322001475460505932344', '2022-12-12 16:00:53.059000', '2022-12-12 16:01:32.729000', '0', '1');
INSERT INTO `order` VALUES ('M20221212161132', '1', '12.16', '1', '', '843514174@qq.com', '5', '2022121322001475460505932452', '2022-12-12 16:11:32.932000', '2022-12-15 22:05:40.219000', '0', '1');
INSERT INTO `order` VALUES ('M20221212161958', '1', '12.16', '1', '', '843514174@qq.com', '2', '2022121322001475460505932345', '2022-12-12 16:19:58.084000', '2022-12-12 16:20:29.581000', '0', '1');
INSERT INTO `order` VALUES ('M20221212162309', '1', '12.16', '1', '', '843514174@qq.com', '1', '', '2022-12-12 16:23:09.757000', '2022-12-12 16:23:09.757000', '0', '1');
INSERT INTO `order` VALUES ('M20221212162502', '1', '12.16', '1', '', '843514174@qq.com', '1', '', '2022-12-12 16:25:02.244000', '2022-12-12 16:25:02.244000', '0', '1');
INSERT INTO `order` VALUES ('M20221212170721', '1', '12.16', '1', '', '843514174@qq.com', '5', '2022121322001475460505932347', '2022-12-12 17:07:21.046000', '2022-12-15 21:57:51.548000', '0', '1');
INSERT INTO `order` VALUES ('M20221212171123', '2', '24.16', '1', '', '843514174@qq.com', '2', '2022121322001475460505932348', '2022-12-12 17:11:23.694000', '2022-12-12 17:12:06.228000', '0', '1');
INSERT INTO `order` VALUES ('M20221212171221', '2', '24.16', '1', '', '843514174@qq.com', '1', '', '2022-12-12 17:12:21.504000', '2022-12-12 17:12:21.504000', '0', '1');
INSERT INTO `order` VALUES ('M20221212171623', '3', '36.48', '1', '', '843514174@qq.com', '1', '', '2022-12-12 17:16:23.810000', '2022-12-12 17:16:23.810000', '0', '1');
INSERT INTO `order` VALUES ('M20221212171838', '3', '36.48', '1', '', '843514174@qq.com', '5', '2022121322001475460505932215', '2022-12-12 17:18:38.181000', '2022-12-15 21:18:18.244000', '0', '1');
INSERT INTO `order` VALUES ('M20221212172315', '1', '12.16', '1', '', '843514174@qq.com', '2', '2022121322001475460505932349', '2022-12-12 17:23:15.382000', '2022-12-12 17:24:06.419000', '0', '1');
INSERT INTO `order` VALUES ('M20221212172716', '1', '12.16', '2', '', '843514174@qq.com', '1', '', '2022-12-12 17:27:16.587000', '2022-12-12 17:27:16.587000', '0', '1');
INSERT INTO `order` VALUES ('M20221212172723', '1', '12.16', '1', '', '843514174@qq.com', '1', '', '2022-12-12 17:27:23.456000', '2022-12-15 21:40:14.348000', '0', '1');
INSERT INTO `order` VALUES ('M20221212172726', '1', '12.16', '2', '', '843514174@qq.com', '1', '', '2022-12-12 17:27:26.028000', '2022-12-12 17:27:26.028000', '0', '1');
INSERT INTO `order` VALUES ('M20221212172731', '1', '12.16', '1', '', '843514174@qq.com', '1', '', '2022-12-12 17:27:31.800000', '2022-12-12 17:27:31.800000', '0', '1');
INSERT INTO `order` VALUES ('M20221212172734', '1', '12.16', '1', '', '843514174@qq.com', '1', '', '2022-12-12 17:27:34.445000', '2022-12-12 17:27:34.445000', '0', '1');
INSERT INTO `order` VALUES ('M20221212172836', '1', '12.16', '1', '', '843514174@qq.com', '1', '', '2022-12-12 17:28:36.843000', '2022-12-12 17:28:36.843000', '0', '1');
INSERT INTO `order` VALUES ('M20221212172953', '1', '12.16', '1', '', '843514174@qq.com', '1', '', '2022-12-12 17:29:53.902000', '2022-12-12 17:29:53.902000', '0', '1');
INSERT INTO `order` VALUES ('M20221212173437', '1', '12.16', '1', '', '843514174@qq.com', '1', '', '2022-12-12 17:34:37.811000', '2022-12-12 17:34:37.811000', '0', '1');
INSERT INTO `order` VALUES ('M20221212173555', '1', '12.16', '1', '', '843514174@qq.com', '1', '', '2022-12-12 17:35:55.644000', '2022-12-12 17:35:55.644000', '0', '1');
INSERT INTO `order` VALUES ('M20221212180032', '1', '12.16', '1', '', '843514174@qq.com', '1', '', '2022-12-12 18:00:32.954000', '2022-12-12 18:00:32.954000', '0', '1');
INSERT INTO `order` VALUES ('M20221212180109', '1', '12.16', '1', '', '843514174@qq.com', '1', '', '2022-12-12 18:01:09.145000', '2022-12-12 18:01:09.145000', '0', '1');
INSERT INTO `order` VALUES ('M20221212180231', '1', '12.16', '1', '', '843514174@qq.com', '1', '', '2022-12-12 18:02:31.049000', '2022-12-12 18:02:31.049000', '0', '1');
INSERT INTO `order` VALUES ('M20221212180245', '1', '12.16', '1', '', '843514174@qq.com', '1', '', '2022-12-12 18:02:45.328000', '2022-12-12 18:02:45.328000', '0', '1');
INSERT INTO `order` VALUES ('M20221212180259', '1', '12.16', '1', '', '843514174@qq.com', '1', '', '2022-12-12 18:02:59.776000', '2022-12-12 18:02:59.776000', '0', '1');
INSERT INTO `order` VALUES ('M20221212180308', '1', '12.16', '1', '', '843514174@qq.com', '1', '', '2022-12-12 18:03:08.846000', '2022-12-12 18:03:08.846000', '0', '1');
INSERT INTO `order` VALUES ('M20221212183731', '1', '12.16', '1', '', '843514174@qq.com', '1', '', '2022-12-12 18:37:31.364000', '2022-12-12 18:37:31.364000', '0', '1');
INSERT INTO `order` VALUES ('M20221212183750', '1', '12.16', '1', '', '843514174@qq.com', '1', '', '2022-12-12 18:37:50.342000', '2022-12-12 18:37:50.343000', '0', '1');
INSERT INTO `order` VALUES ('M20221212184726', '1', '12.16', '1', '', '843514174@qq.com', '1', '', '2022-12-12 18:47:26.730000', '2022-12-12 18:47:26.730000', '0', '1');
INSERT INTO `order` VALUES ('M20221212184822', '1', '12.16', '1', '', '843514174@qq.com', '1', '', '2022-12-12 18:48:22.278000', '2022-12-12 18:48:22.278000', '0', '1');
INSERT INTO `order` VALUES ('M20221212185423', '1', '12.16', '1', '', '843514174@qq.com', '1', '', '2022-12-12 18:54:23.592000', '2022-12-12 18:54:23.592000', '0', '1');
INSERT INTO `order` VALUES ('M20221212185435', '1', '12.16', '1', '', '843514174@qq.com', '1', '', '2022-12-12 18:54:35.611000', '2022-12-12 18:54:35.611000', '0', '1');
INSERT INTO `order` VALUES ('M20221212185454', '1', '12.16', '1', '', '843514174@qq.com', '1', '', '2022-12-12 18:54:54.820000', '2022-12-12 18:54:54.820000', '0', '1');
INSERT INTO `order` VALUES ('M20221212185531', '1', '12.16', '1', '', '843514174@qq.com', '1', '', '2022-12-12 18:55:31.931000', '2022-12-12 18:55:31.931000', '0', '1');
INSERT INTO `order` VALUES ('M20221212185600', '1', '12.16', '1', '', '843514174@qq.com', '1', '', '2022-12-12 18:56:00.198000', '2022-12-12 18:56:00.198000', '0', '1');
INSERT INTO `order` VALUES ('M20221212190100', '1', '12.16', '1', '', '843514174@qq.com', '1', '', '2022-12-12 19:01:00.154000', '2022-12-12 19:01:00.154000', '0', '1');
INSERT INTO `order` VALUES ('M20221212190112', '1', '12.16', '1', '', '843514174@qq.com', '1', '', '2022-12-12 19:01:12.092000', '2022-12-12 19:01:12.092000', '0', '1');
INSERT INTO `order` VALUES ('M20221212190124', '1', '12.16', '1', '', '843514174@qq.com', '1', '', '2022-12-12 19:01:24.478000', '2022-12-12 19:01:24.479000', '0', '1');
INSERT INTO `order` VALUES ('M20221212190407', '1', '12.16', '1', '', '843514174@qq.com', '1', '', '2022-12-12 19:04:07.196000', '2022-12-12 19:04:07.196000', '0', '1');
INSERT INTO `order` VALUES ('M20221212190419', '1', '12.16', '1', '', '843514174@qq.com', '1', '', '2022-12-12 19:04:19.607000', '2022-12-12 19:04:19.607000', '0', '1');
INSERT INTO `order` VALUES ('M20221212190427', '1', '12.16', '1', '', '843514174@qq.com', '1', '', '2022-12-12 19:04:27.505000', '2022-12-12 19:04:27.505000', '0', '1');
INSERT INTO `order` VALUES ('M20221212191604', '1', '12.16', '1', '', '843514174@qq.com', '1', '', '2022-12-12 19:16:04.062000', '2022-12-12 19:16:04.062000', '0', '1');
INSERT INTO `order` VALUES ('M20221212191630', '1', '12.16', '1', '', '843514174@qq.com', '1', '', '2022-12-12 19:16:30.536000', '2022-12-12 19:16:30.536000', '0', '1');
INSERT INTO `order` VALUES ('M20221212191636', '1', '12.16', '1', '', '843514174@qq.com', '1', '', '2022-12-12 19:16:36.230000', '2022-12-12 19:16:36.230000', '0', '1');
INSERT INTO `order` VALUES ('M20221212191832', '1', '12.16', '1', '', '843514174@qq.com', '1', '', '2022-12-12 19:18:32.398000', '2022-12-12 19:18:32.398000', '0', '1');
INSERT INTO `order` VALUES ('M20221212191946', '1', '12.16', '1', '', '843514174@qq.com', '1', '', '2022-12-12 19:19:46.505000', '2022-12-12 19:19:46.505000', '0', '1');
INSERT INTO `order` VALUES ('M20221212192522', '1', '12.16', '1', '', '843514174@qq.com', '1', '', '2022-12-12 19:25:22.235000', '2022-12-12 19:25:22.235000', '0', '1');
INSERT INTO `order` VALUES ('M20221212192608', '1', '12.16', '1', '', '843514174@qq.com', '1', '', '2022-12-12 19:26:08.202000', '2022-12-12 19:26:08.202000', '0', '1');
INSERT INTO `order` VALUES ('M20221212192620', '1', '12.16', '1', '', '843514174@qq.com', '1', '', '2022-12-12 19:26:20.328000', '2022-12-12 19:26:20.328000', '0', '1');
INSERT INTO `order` VALUES ('M20221212192730', '1', '12.16', '1', '', '843514174@qq.com', '1', '', '2022-12-12 19:27:30.119000', '2022-12-12 19:27:30.119000', '0', '1');
INSERT INTO `order` VALUES ('M20221212195259', '1', '12.16', '1', '', '843514174@qq.com', '1', '', '2022-12-12 19:52:59.833000', '2022-12-12 19:52:59.833000', '0', '1');
INSERT INTO `order` VALUES ('M20221212195308', '1', '12.16', '1', '', '843514174@qq.com', '1', '', '2022-12-12 19:53:08.863000', '2022-12-12 19:53:08.863000', '0', '1');
INSERT INTO `order` VALUES ('M20221212195321', '1', '12.16', '1', '', '843514174@qq.com', '1', '', '2022-12-12 19:53:21.907000', '2022-12-12 19:53:21.908000', '0', '1');
INSERT INTO `order` VALUES ('M20221212195422', '1', '12.16', '1', '', '843514174@qq.com', '1', '', '2022-12-12 19:54:22.477000', '2022-12-12 19:54:22.477000', '0', '1');
INSERT INTO `order` VALUES ('M20221212195709', '1', '12.16', '1', '', '843514174@qq.com', '1', '', '2022-12-12 19:57:09.607000', '2022-12-12 19:57:09.607000', '0', '1');
INSERT INTO `order` VALUES ('M20221212200103', '1', '12.16', '1', '', '843514174@qq.com', '1', '', '2022-12-12 20:01:03.340000', '2022-12-12 20:01:03.340000', '0', '1');
INSERT INTO `order` VALUES ('M20221212200108', '1', '12.16', '1', '', '843514174@qq.com', '1', '', '2022-12-12 20:01:08.169000', '2022-12-12 20:01:08.169000', '0', '1');
INSERT INTO `order` VALUES ('M20221212205141', '1', '12.16', '1', '', '843514174@qq.com', '1', '', '2022-12-12 20:51:41.824000', '2022-12-12 20:51:41.824000', '0', '1');
INSERT INTO `order` VALUES ('M20221212205541', '1', '12.16', '1', '', '843514174@qq.com', '1', '', '2022-12-12 20:55:41.459000', '2022-12-12 20:55:41.459000', '0', '1');
INSERT INTO `order` VALUES ('M20221212210455', '1', '12.16', '1', '', '843514174@qq.com', '1', '', '2022-12-12 21:04:55.908000', '2022-12-12 21:04:55.908000', '0', '1');
INSERT INTO `order` VALUES ('M20221212210708', '1', '12.16', '1', '', '843514174@qq.com', '1', '', '2022-12-12 21:07:08.974000', '2022-12-12 21:07:08.974000', '0', '1');
INSERT INTO `order` VALUES ('M20221212210757', '1', '12.16', '1', '', '843514174@qq.com', '1', '', '2022-12-12 21:07:57.643000', '2022-12-12 21:07:57.643000', '0', '1');
INSERT INTO `order` VALUES ('M20221212210829', '1', '12.16', '1', '', '843514174@qq.com', '1', '', '2022-12-12 21:08:29.682000', '2022-12-12 21:08:29.682000', '0', '1');
INSERT INTO `order` VALUES ('M20221212211031', '1', '12.16', '1', '', '843514174@qq.com', '1', '', '2022-12-12 21:10:31.633000', '2022-12-12 21:10:31.633000', '0', '1');
INSERT INTO `order` VALUES ('M20221212211302', '1', '12.16', '1', '', '843514174@qq.com', '1', '', '2022-12-12 21:13:02.759000', '2022-12-12 21:13:02.760000', '0', '1');
INSERT INTO `order` VALUES ('M20221212211308', '1', '12.16', '1', '', '843514174@qq.com', '1', '', '2022-12-12 21:13:08.105000', '2022-12-12 21:13:08.105000', '0', '1');
INSERT INTO `order` VALUES ('M20221212211314', '1', '12.16', '1', '', '843514174@qq.com', '1', '', '2022-12-12 21:13:14.175000', '2022-12-12 21:13:14.175000', '0', '1');
INSERT INTO `order` VALUES ('M20221212211423', '1', '12.16', '1', '', '843514174@qq.com', '1', '', '2022-12-12 21:14:23.047000', '2022-12-12 21:14:23.047000', '0', '1');
INSERT INTO `order` VALUES ('M20221212211449', '1', '12.16', '1', '', '843514174@qq.com', '1', '', '2022-12-12 21:14:49.759000', '2022-12-12 21:14:49.759000', '0', '1');
INSERT INTO `order` VALUES ('M20221212211619', '1', '12.16', '1', '', '843514174@qq.com', '1', '', '2022-12-12 21:16:19.411000', '2022-12-12 21:16:19.411000', '0', '1');
INSERT INTO `order` VALUES ('M20221212211946', '1', '12.16', '1', '', '843514174@qq.com', '1', '', '2022-12-12 21:19:46.213000', '2022-12-12 21:19:46.213000', '0', '1');
INSERT INTO `order` VALUES ('M20221212212350', '1', '12.16', '1', '', '843514174@qq.com', '1', '', '2022-12-12 21:23:50.319000', '2022-12-12 21:23:50.319000', '0', '1');
INSERT INTO `order` VALUES ('M20221212212436', '1', '12.16', '1', '', '843514174@qq.com', '1', '', '2022-12-12 21:24:36.850000', '2022-12-12 21:24:36.850000', '0', '1');
INSERT INTO `order` VALUES ('M20221212212535', '1', '12.16', '1', '', '843514174@qq.com', '1', '', '2022-12-12 21:25:35.700000', '2022-12-12 21:25:35.701000', '0', '1');
INSERT INTO `order` VALUES ('M20221212212553', '1', '12.16', '1', '', '843514174@qq.com', '1', '', '2022-12-12 21:25:53.671000', '2022-12-12 21:25:53.671000', '0', '1');
INSERT INTO `order` VALUES ('M20221212212612', '1', '12.16', '1', '', '843514174@qq.com', '1', '', '2022-12-12 21:26:12.605000', '2022-12-12 21:26:12.605000', '0', '1');
INSERT INTO `order` VALUES ('M20221212213448', '1', '12.16', '1', '', '843514174@qq.com', '1', '', '2022-12-12 21:34:48.937000', '2022-12-12 21:34:48.937000', '0', '1');
INSERT INTO `order` VALUES ('M20221212214221', '1', '12.16', '1', '', '843514174@qq.com', '1', '', '2022-12-12 21:42:21.773000', '2022-12-12 21:42:21.774000', '0', '1');
INSERT INTO `order` VALUES ('M20221212214308', '1', '12.16', '1', '', '843514174@qq.com', '1', '', '2022-12-12 21:43:08.800000', '2022-12-12 21:43:08.800000', '0', '1');
INSERT INTO `order` VALUES ('M20221212214322', '1', '12.16', '1', '', '843514174@qq.com', '1', '', '2022-12-12 21:43:22.473000', '2022-12-12 21:43:22.473000', '0', '1');
INSERT INTO `order` VALUES ('M20221212214457', '1', '12.16', '1', '', '843514174@qq.com', '1', '', '2022-12-12 21:44:57.206000', '2022-12-12 21:44:57.206000', '0', '1');
INSERT INTO `order` VALUES ('M20221212214732', '1', '12.16', '1', '', '843514174@qq.com', '1', '', '2022-12-12 21:47:32.535000', '2022-12-12 21:47:32.535000', '0', '1');
INSERT INTO `order` VALUES ('M20221213090509', '1', '12.16', '1', '', '843514174@qq.com', '1', '', '2022-12-13 09:05:09.370000', '2022-12-13 09:05:09.370000', '0', '1');
INSERT INTO `order` VALUES ('M20221213090654', '1', '12.16', '1', '', '843514174@qq.com', '1', '', '2022-12-13 09:06:54.674000', '2022-12-13 09:06:54.674000', '0', '1');
INSERT INTO `order` VALUES ('M20221213091108', '1', '12.16', '1', '', '843514174@qq.com', '1', '', '2022-12-13 09:11:08.846000', '2022-12-13 09:11:08.846000', '0', '1');
INSERT INTO `order` VALUES ('M20221213091248', '1', '12.16', '1', '', '843514174@qq.com', '1', '', '2022-12-13 09:12:48.562000', '2022-12-13 09:12:48.562000', '0', '1');
INSERT INTO `order` VALUES ('M20221213091328', '1', '12.16', '1', '', '843514174@qq.com', '1', '', '2022-12-13 09:13:28.051000', '2022-12-13 09:13:28.051000', '0', '1');
INSERT INTO `order` VALUES ('M20221213091342', '1', '12.16', '1', '', '843514174@qq.com', '1', '', '2022-12-13 09:13:42.440000', '2022-12-13 09:13:42.440000', '0', '1');
INSERT INTO `order` VALUES ('M20221213091650', '1', '12.16', '1', '', '843514174@qq.com', '1', '', '2022-12-13 09:16:50.793000', '2022-12-13 09:16:50.793000', '0', '1');
INSERT INTO `order` VALUES ('M20221213092348', '1', '12.16', '1', '', '843514174@qq.com', '1', '', '2022-12-13 09:23:48.224000', '2022-12-13 09:23:48.224000', '0', '1');
INSERT INTO `order` VALUES ('M20221213092417', '1', '12.16', '1', '', '843514174@qq.com', '1', '', '2022-12-13 09:24:17.118000', '2022-12-13 09:24:17.118000', '0', '1');
INSERT INTO `order` VALUES ('M20221213092715', '1', '12.16', '1', '', '843514174@qq.com', '1', '', '2022-12-13 09:27:15.372000', '2022-12-13 09:27:15.372000', '0', '1');
INSERT INTO `order` VALUES ('M20221213092748', '1', '12.16', '1', '', '843514174@qq.com', '5', '2022121322001475460505932562', '2022-12-13 09:27:48.113000', '2022-12-15 11:01:46.120000', '0', '1');
INSERT INTO `order` VALUES ('M20221213093118', '1', '12.16', '1', '', '843514174@qq.com', '1', '', '2022-12-13 09:31:18.083000', '2022-12-13 09:31:18.083000', '0', '1');
INSERT INTO `order` VALUES ('M20221213093425', '1', '12.16', '1', '', '843514174@qq.com', '1', '', '2022-12-13 09:34:25.069000', '2022-12-13 09:34:25.069000', '0', '1');
INSERT INTO `order` VALUES ('M20221213093445', '1', '12.16', '1', '', '843514174@qq.com', '1', '', '2022-12-13 09:34:45.635000', '2022-12-13 09:34:45.635000', '0', '1');
INSERT INTO `order` VALUES ('M20221213094720', '1', '12.16', '1', '', '843514174@qq.com', '1', '', '2022-12-13 09:47:20.256000', '2022-12-13 09:47:20.256000', '0', '1');
INSERT INTO `order` VALUES ('M20221213094727', '1', '12.16', '2', '', '843514174@qq.com', '1', '', '2022-12-13 09:47:27.266000', '2022-12-13 09:47:27.266000', '0', '1');
INSERT INTO `order` VALUES ('M20221213094733', '1', '12.16', '1', '', '843514174@qq.com', '5', '2022121522001475460505933216', '2022-12-13 09:47:33.981000', '2022-12-15 11:03:30.813000', '0', '1');
INSERT INTO `order` VALUES ('M20221213094738', '1', '12.16', '1', '', '843514174@qq.com', '5', '2022121522001475460505933094', '2022-12-13 09:47:38.558000', '2022-12-15 11:03:27.062000', '0', '1');
INSERT INTO `order` VALUES ('M20221213100751', '1', '12.16', '1', '', '843514174@qq.com', '5', '2022121322001475460505932563', '2022-12-13 10:07:51.624000', '2022-12-15 14:39:45.436000', '0', '1');
INSERT INTO `order` VALUES ('M20221213141630', '1', '12.16', '1', '', '843514174@qq.com', '5', '2022121422001475460505932564', '2022-12-13 14:16:30.336000', '2022-12-15 10:38:19.830000', '0', '1');
INSERT INTO `order` VALUES ('M20221214133119', '1', '12.16', '1', '', '843514174@qq.com', '5', '2022121522001475460505933093', '2022-12-14 13:31:19.772000', '2022-12-15 10:27:59.353000', '0', '1');
INSERT INTO `order` VALUES ('M20221214212718', '1', '12.16', '1', '', '843514174@qq.com', '5', '2022121522001475460505933219', '2022-12-14 21:27:18.059000', '2022-12-15 10:27:54.825000', '0', '1');
INSERT INTO `order` VALUES ('M20221214213207', '1', '12.16', '1', '', '843514174@qq.com', '5', '2022121522001475460505933095', '2022-12-14 21:32:07.947000', '2022-12-15 10:21:28.284000', '0', '1');
INSERT INTO `order` VALUES ('M20221214214042', '1', '12.16', '1', '', '843514174@qq.com', '5', '2022121522001475460505933096', '2022-12-14 21:40:42.775000', '2022-12-15 10:18:48.968000', '0', '1');
INSERT INTO `order` VALUES ('M20221214222308', '1', '12.16', '1', '', '843514174@qq.com', '1', '', '2022-12-14 22:23:08.959000', '2022-12-14 22:23:08.959000', '0', '1');
INSERT INTO `order` VALUES ('M20221214222909', '1', '12.16', '1', '', '843514174@qq.com', '5', '2022121522001475460505933221', '2022-12-14 22:29:09.296000', '2022-12-15 09:31:17.007000', '0', '1');
INSERT INTO `order` VALUES ('M20221215140824', '1', '12.16', '1', '', '843514174@qq.com', '5', '2022121622001475460505933684', '2022-12-15 14:08:24.664000', '2022-12-15 14:25:22.915000', '0', '1');
INSERT INTO `order` VALUES ('M20221215141607', '1', '12.16', '1', '', '843514174@qq.com', '1', '', '2022-12-15 14:16:07.929000', '2022-12-15 14:16:07.929000', '0', '1');
INSERT INTO `order` VALUES ('M20221215142313', '1', '12.16', '1', '', '843514174@qq.com', '1', '', '2022-12-15 14:23:13.437000', '2022-12-15 14:23:13.437000', '0', '1');
INSERT INTO `order` VALUES ('M20221215205223', '1', '12.16', '1', '', '843514174@qq.com', '1', '', '2022-12-15 20:52:23.272000', '2022-12-15 20:52:23.272000', '0', '1');
INSERT INTO `order` VALUES ('M20221215205243', '1', '12.16', '1', '', '843514174@qq.com', '1', '', '2022-12-15 20:52:43.922000', '2022-12-17 20:56:31.445000', '0', '1');
INSERT INTO `order` VALUES ('M20221215211950', '1', '12.16', '1', '', '843514174@qq.com', '1', '', '2022-12-15 21:19:50.107000', '2022-12-15 21:19:50.107000', '0', '1');
INSERT INTO `order` VALUES ('M20221219125127', '1', '12.16', '1', '', '843514174@qq.com', '1', '', '2022-12-19 12:51:27.216000', '2022-12-19 12:51:27.216000', '0', '1');
INSERT INTO `order` VALUES ('M20221219130723', '1', '12.16', '1', '', '843514174@qq.com', '1', '', '2022-12-19 13:07:23.294000', '2022-12-19 13:07:23.294000', '0', '1');
INSERT INTO `order` VALUES ('M20221219162124', '1', '12.16', '1', '', '843514174@qq.com', '5', '2022122022001475460505934638', '2022-12-19 16:21:24.399000', '2022-12-19 20:00:13.665000', '0', '1');
INSERT INTO `order` VALUES ('M20221219200142', '1', '12.16', '1', '', '843514174@qq.com', '1', '', '2022-12-19 20:01:42.600000', '2022-12-19 20:01:42.600000', '0', '1');
INSERT INTO `order` VALUES ('M20221219200537', '1', '12.16', '1', '', '843514174@qq.com', '1', '', '2022-12-19 20:05:37.936000', '2022-12-19 20:05:37.936000', '0', '1');
INSERT INTO `order` VALUES ('M20221219201058', '1', '12.16', '1', '', '843514174@qq.com', '1', '', '2022-12-19 20:10:58.668000', '2022-12-19 20:10:58.669000', '0', '1');
INSERT INTO `order` VALUES ('M20221219204859', '1', '12.16', '1', '', '843514174@qq.com', '1', '', '2022-12-19 20:48:59.712000', '2022-12-19 20:48:59.712000', '0', '1');
INSERT INTO `order` VALUES ('M20221219204904', '2', '24.32', '1', '', '843514174@qq.com', '5', '2022122022001475460505934639', '2022-12-19 20:49:04.547000', '2022-12-19 20:50:33.140000', '0', '1');
INSERT INTO `order` VALUES ('M20221219214248', '1', '12.16', '1', '', '843514174@qq.com', '2', '2022122022001475460505934382', '2022-12-19 21:42:48.864000', '2022-12-19 21:43:15.256000', '0', '1');
INSERT INTO `order` VALUES ('M20221219214723', '1', '12.16', '1', '', '843514174@qq.com', '2', '2022122022001475460505934642', '2022-12-19 21:47:23.874000', '2022-12-19 21:47:45.460000', '0', '1');
INSERT INTO `order` VALUES ('M20221219221534', '1', '12.16', '1', '', 'yuanjie19890122@gmail.com', '2', '2022122022001475460505934643', '2022-12-19 22:15:34.039000', '2022-12-19 22:16:02.213000', '0', '1');
INSERT INTO `order` VALUES ('M20221219222202', '1', '12.16', '1', '', 'yuanjie19890122@gmail.com', '2', '2022122022001475460505934644', '2022-12-19 22:22:02.994000', '2022-12-19 22:22:34.320000', '0', '1');
INSERT INTO `order` VALUES ('M20221219222524', '1', '12.16', '1', '', 'yuanjie19890122@gmail.com', '2', '2022122022001475460505934828', '2022-12-19 22:25:24.536000', '2022-12-19 22:25:51.954000', '0', '1');
INSERT INTO `order` VALUES ('M20221219222747', '1', '12.16', '1', '', 'yuanjie19890122@gmail.com', '2', '2022122022001475460505934645', '2022-12-19 22:27:47.598000', '2022-12-19 22:28:12.031000', '0', '1');
INSERT INTO `order` VALUES ('M20221220083613', '1', '12.16', '1', '', '843514174@qq.com', '2', '2022122022001475460505935198', '2022-12-20 08:36:13.437000', '2022-12-20 08:36:38.907000', '0', '1');
INSERT INTO `order` VALUES ('M20221220091520', '1', '12.16', '1', '', '843514174@qq.com', '2', '2022122022001475460505935570', '2022-12-20 09:15:20.172000', '2022-12-20 09:15:54.504000', '0', '1');
INSERT INTO `order` VALUES ('M20221220091950', '1', '12.16', '1', '', '843514174@qq.com', '5', '2022122022001475460505935378', '2022-12-20 09:19:50.741000', '2022-12-21 11:26:53.449000', '0', '1');
INSERT INTO `order` VALUES ('M20221220093109', '1', '12.16', '1', '', '843514174@qq.com', '2', '2022122022001475460505935013', '2022-12-20 09:31:09.544000', '2022-12-20 09:39:15.790000', '0', '1');
INSERT INTO `order` VALUES ('M20221221121326', '2', '24.32', '1', '', '843514174@qq.com', '2', '2022122222001475460505935732', '2022-12-21 12:13:26.570000', '2022-12-21 12:14:19.026000', '0', '1');
INSERT INTO `order` VALUES ('M20221221121540', '2', '24.32', '1', '', '843514174@qq.com', '1', '', '2022-12-21 12:15:40.454000', '2022-12-21 12:15:40.454000', '0', '1');
INSERT INTO `order` VALUES ('M20221221122049', '1', '12.16', '1', '', '843514174@qq.com', '1', '', '2022-12-21 12:20:49.830000', '2022-12-21 12:20:49.830000', '0', '1');
INSERT INTO `order` VALUES ('M20221221122057', '2', '24.32', '1', '', '843514174@qq.com', '2', '2022122222001475460505936030', '2022-12-21 12:20:57.961000', '2022-12-21 12:21:22.833000', '0', '1');
INSERT INTO `order` VALUES ('M20221221203415', '3', '36.48', '1', '', '843514174@qq.com', '1', '', '2022-12-21 20:34:15.419000', '2022-12-21 20:34:15.419000', '0', '1');
INSERT INTO `order` VALUES ('M20221221203427', '3', '36.48', '1', '', '843514174@qq.com', '1', '', '2022-12-21 20:34:27.247000', '2022-12-21 20:34:27.247000', '0', '1');
INSERT INTO `order` VALUES ('M20221221203439', '1', '12.16', '1', '', '843514174@qq.com', '1', '', '2022-12-21 20:34:39.668000', '2022-12-21 20:34:39.668000', '0', '1');
INSERT INTO `order` VALUES ('M20221221204106', '1', '12.16', '1', '', '843514174@qq.com', '1', '', '2022-12-21 20:41:06.516000', '2022-12-21 20:41:06.516000', '0', '1');
INSERT INTO `order` VALUES ('M20221221204435', '1', '12.16', '1', '', '843514174@qq.com', '1', '', '2022-12-21 20:44:35.233000', '2022-12-21 20:44:35.233000', '0', '1');
INSERT INTO `order` VALUES ('M20221221204728', '1', '12.16', '1', '', '843514174@qq.com', '1', '', '2022-12-21 20:47:28.020000', '2022-12-21 20:47:28.020000', '0', '1');
INSERT INTO `order` VALUES ('M20221221205235', '1', '12.16', '1', '', '843514174@qq.com', '1', '', '2022-12-21 20:52:35.891000', '2022-12-21 20:52:35.891000', '0', '1');
INSERT INTO `order` VALUES ('M20221221205403', '1', '12.16', '1', '', '843514174@qq.com', '1', '', '2022-12-21 20:54:03.651000', '2022-12-21 20:54:03.651000', '0', '1');
INSERT INTO `order` VALUES ('M20221221205431', '1', '12.16', '1', '', '843514174@qq.com', '1', '', '2022-12-21 20:54:31.184000', '2022-12-21 20:54:31.184000', '0', '1');
INSERT INTO `order` VALUES ('M20221221205454', '1', '12.16', '1', '', '843514174@qq.com', '1', '', '2022-12-21 20:54:54.042000', '2022-12-21 20:54:54.042000', '0', '1');
INSERT INTO `order` VALUES ('M20221221205628', '1', '12.16', '1', '', '843514174@qq.com', '1', '', '2022-12-21 20:56:28.201000', '2022-12-21 20:56:28.201000', '0', '1');
INSERT INTO `order` VALUES ('M20221221205646', '1', '12.16', '1', '', '843514174@qq.com', '1', '', '2022-12-21 20:56:46.124000', '2022-12-21 20:56:46.124000', '0', '1');
INSERT INTO `order` VALUES ('M20221221205715', '1', '12.16', '1', '', '843514174@qq.com', '1', '', '2022-12-21 20:57:15.652000', '2022-12-21 20:57:15.652000', '0', '1');
INSERT INTO `order` VALUES ('M20221221205740', '1', '12.16', '1', '', '843514174@qq.com', '1', '', '2022-12-21 20:57:40.071000', '2022-12-21 20:57:40.071000', '0', '1');
INSERT INTO `order` VALUES ('M20221221210628', '1', '12.16', '1', '', '843514174@qq.com', '1', '', '2022-12-21 21:06:28.243000', '2022-12-21 21:06:28.243000', '0', '1');
INSERT INTO `order` VALUES ('M20221221210711', '1', '12.16', '1', '', '843514174@qq.com', '1', '', '2022-12-21 21:07:11.836000', '2022-12-21 21:07:11.836000', '0', '1');
INSERT INTO `order` VALUES ('M20221221211101', '1', '12.16', '1', '', '843514174@qq.com', '1', '', '2022-12-21 21:11:01.993000', '2022-12-21 21:11:01.993000', '0', '1');
INSERT INTO `order` VALUES ('M20221221211200', '1', '12.16', '1', '', '843514174@qq.com', '1', '', '2022-12-21 21:12:00.478000', '2022-12-21 21:12:00.478000', '0', '1');
INSERT INTO `order` VALUES ('M20221221211251', '1', '12.16', '1', '', '843514174@qq.com', '1', '', '2022-12-21 21:12:51.682000', '2022-12-21 21:12:51.682000', '0', '1');
INSERT INTO `order` VALUES ('M20221221211341', '1', '12.16', '1', '', '843514174@qq.com', '1', '', '2022-12-21 21:13:41.548000', '2022-12-21 21:13:41.548000', '0', '1');
INSERT INTO `order` VALUES ('M20221221211422', '1', '12.16', '1', '', '843514174@qq.com', '2', '2022122222001475460505935734', '2022-12-21 21:14:22.147000', '2022-12-21 21:14:51.778000', '0', '1');
INSERT INTO `order` VALUES ('M20221221212622', '1', '12.16', '1', '', 'lucyxu202208@gmail.com', '1', '', '2022-12-21 21:26:22.515000', '2022-12-21 21:26:22.515000', '0', '1');
INSERT INTO `order` VALUES ('M20221221213027', '1', '12.16', '1', '', '843514174@qq.com', '1', '', '2022-12-21 21:30:27.249000', '2022-12-21 21:30:27.249000', '0', '1');
INSERT INTO `order` VALUES ('M20221221213103', '1', '12.16', '1', '', '843514174@qq.com', '1', '', '2022-12-21 21:31:03.191000', '2022-12-21 21:31:03.191000', '0', '1');
INSERT INTO `order` VALUES ('M20221221213908', '1', '12.16', '1', '', '843514174@qq.com', '1', '', '2022-12-21 21:39:08.685000', '2022-12-21 21:39:08.685000', '0', '1');
INSERT INTO `order` VALUES ('M20221221214000', '1', '12.16', '1', '', '843514174@qq.com', '1', '', '2022-12-21 21:40:00.384000', '2022-12-21 21:40:00.384000', '0', '1');
INSERT INTO `order` VALUES ('M20221221214106', '1', '12.16', '1', '', '843514174@qq.com', '1', '', '2022-12-21 21:41:06.754000', '2022-12-21 21:41:06.754000', '0', '1');
INSERT INTO `order` VALUES ('M20221221214120', '1', '12.16', '1', '', '843514174@qq.com', '1', '', '2022-12-21 21:41:20.317000', '2022-12-21 21:41:20.317000', '0', '1');
INSERT INTO `order` VALUES ('M20221221214139', '1', '12.16', '1', '', '843514174@qq.com', '1', '', '2022-12-21 21:41:39.363000', '2022-12-21 21:41:39.363000', '0', '1');
INSERT INTO `order` VALUES ('M20221221214658', '1', '12.16', '1', '', '843514174@qq.com', '1', '', '2022-12-21 21:46:58.978000', '2022-12-21 21:46:58.978000', '0', '1');
INSERT INTO `order` VALUES ('M20221221214712', '1', '12.16', '1', '', '843514174@qq.com', '1', '', '2022-12-21 21:47:12.832000', '2022-12-21 21:47:12.832000', '0', '1');
INSERT INTO `order` VALUES ('M20221221214807', '1', '12.16', '1', '', '843514174@qq.com', '1', '', '2022-12-21 21:48:07.946000', '2022-12-21 21:48:07.946000', '0', '1');
INSERT INTO `order` VALUES ('M20221221214903', '1', '12.16', '1', '', '843514174@qq.com', '1', '', '2022-12-21 21:49:03.680000', '2022-12-21 21:49:03.680000', '0', '1');
INSERT INTO `order` VALUES ('M20221222102053', '1', '12.16', '1', '', '843514174@qq.com', '1', '', '2022-12-22 10:20:53.888000', '2022-12-22 10:20:53.888000', '0', '1');
INSERT INTO `order` VALUES ('M20221222102111', '1', '12.16', '1', '', '843514174@qq.com', '1', '', '2022-12-22 10:21:11.240000', '2022-12-22 10:21:11.240000', '0', '1');
INSERT INTO `order` VALUES ('M20221222120830', '1', '12.16', '1', '', '843514174@qq.com', '1', '', '2022-12-22 12:08:30.121000', '2022-12-22 12:08:30.121000', '0', '1');
INSERT INTO `order` VALUES ('M20221222121438', '1', '12.16', '1', '', '843514174@qq.com', '1', '', '2022-12-22 12:14:38.759000', '2022-12-22 12:14:38.759000', '0', '1');
INSERT INTO `order` VALUES ('M20221222122034', '1', '12.16', '1', '', '843514174@qq.com', '1', '', '2022-12-22 12:20:34.586000', '2022-12-22 12:20:34.587000', '0', '1');
INSERT INTO `order` VALUES ('M20221222122054', '1', '12.16', '1', '', '843514174@qq.com', '1', '', '2022-12-22 12:20:54.074000', '2022-12-22 12:20:54.075000', '0', '1');
INSERT INTO `order` VALUES ('M20221222122210', '1', '12.16', '1', '', '843514174@qq.com', '1', '', '2022-12-22 12:22:10.388000', '2022-12-22 12:22:10.388000', '0', '1');
INSERT INTO `order` VALUES ('M20221222122232', '1', '12.16', '1', '', '843514174@qq.com', '1', '', '2022-12-22 12:22:32.292000', '2022-12-22 12:22:32.292000', '0', '1');
INSERT INTO `order` VALUES ('M20221222122511', '1', '12.16', '1', '', '843514174@qq.com', '1', '', '2022-12-22 12:25:11.480000', '2022-12-22 12:25:11.480000', '0', '1');
INSERT INTO `order` VALUES ('M20221222122525', '1', '12.16', '1', '', '843514174@qq.com', '1', '', '2022-12-22 12:25:25.597000', '2022-12-22 12:25:25.597000', '0', '1');
INSERT INTO `order` VALUES ('M20221222122605', '1', '12.16', '1', '', '843514174@qq.com', '1', '', '2022-12-22 12:26:05.252000', '2022-12-22 12:26:05.252000', '0', '1');
INSERT INTO `order` VALUES ('M20221222122727', '1', '12.16', '1', '', '843514174@qq.com', '1', '', '2022-12-22 12:27:27.252000', '2022-12-22 12:27:27.252000', '0', '1');
INSERT INTO `order` VALUES ('M20221222122755', '1', '12.16', '1', '', '843514174@qq.com', '1', '', '2022-12-22 12:27:55.484000', '2022-12-22 12:27:55.484000', '0', '1');
INSERT INTO `order` VALUES ('M20221222122848', '1', '12.16', '1', '', '843514174@qq.com', '1', '', '2022-12-22 12:28:48.546000', '2022-12-22 12:28:48.546000', '0', '1');
INSERT INTO `order` VALUES ('M20221222122857', '1', '12.16', '1', '', '843514174@qq.com', '1', '', '2022-12-22 12:28:57.025000', '2022-12-22 12:28:57.025000', '0', '1');
INSERT INTO `order` VALUES ('M20221222122902', '1', '12.16', '1', '', '843514174@qq.com', '1', '', '2022-12-22 12:29:02.633000', '2022-12-22 12:29:02.633000', '0', '1');
INSERT INTO `order` VALUES ('M20221222123143', '1', '12.16', '1', '', '843514174@qq.com', '1', '', '2022-12-22 12:31:43.155000', '2022-12-22 12:31:43.155000', '0', '1');
INSERT INTO `order` VALUES ('M20221222123209', '1', '12.16', '1', '', '843514174@qq.com', '1', '', '2022-12-22 12:32:09.224000', '2022-12-22 12:32:09.224000', '0', '1');
INSERT INTO `order` VALUES ('M20221222123319', '1', '12.16', '1', '', '843514174@qq.com', '1', '', '2022-12-22 12:33:19.647000', '2022-12-22 12:33:19.647000', '0', '1');
INSERT INTO `order` VALUES ('M20221222123520', '1', '12.16', '1', '', '843514174@qq.com', '1', '', '2022-12-22 12:35:20.329000', '2022-12-22 12:35:20.329000', '0', '1');
INSERT INTO `order` VALUES ('M20221222123549', '1', '12.16', '1', '', '843514174@qq.com', '1', '', '2022-12-22 12:35:49.461000', '2022-12-22 12:35:49.461000', '0', '1');
INSERT INTO `order` VALUES ('M20221222123556', '1', '12.16', '1', '', '843514174@qq.com', '1', '', '2022-12-22 12:35:56.109000', '2022-12-22 12:35:56.109000', '0', '1');
INSERT INTO `order` VALUES ('M20221222123603', '1', '12.16', '1', '', '843514174@qq.com', '1', '', '2022-12-22 12:36:03.120000', '2022-12-22 12:36:03.120000', '0', '1');
INSERT INTO `order` VALUES ('M20221222123642', '1', '12.16', '1', '', '843514174@qq.com', '1', '', '2022-12-22 12:36:42.645000', '2022-12-22 12:36:42.646000', '0', '1');
INSERT INTO `order` VALUES ('M20221222123658', '1', '12.16', '1', '', '843514174@qq.com', '1', '', '2022-12-22 12:36:58.392000', '2022-12-22 12:36:58.392000', '0', '1');
INSERT INTO `order` VALUES ('M20221222123726', '1', '12.16', '1', '', '843514174@qq.com', '1', '', '2022-12-22 12:37:26.783000', '2022-12-22 12:37:26.783000', '0', '1');
INSERT INTO `order` VALUES ('M20221222123740', '1', '12.16', '1', '', '843514174@qq.com', '1', '', '2022-12-22 12:37:40.754000', '2022-12-22 12:37:40.754000', '0', '1');
INSERT INTO `order` VALUES ('M20221222123758', '1', '12.16', '1', '', '843514174@qq.com', '1', '', '2022-12-22 12:37:58.304000', '2022-12-22 12:37:58.304000', '0', '1');
INSERT INTO `order` VALUES ('M20221222124052', '1', '12.16', '1', '', '843514174@qq.com', '1', '', '2022-12-22 12:40:52.355000', '2022-12-22 12:40:52.355000', '0', '1');
INSERT INTO `order` VALUES ('M20221222124100', '1', '12.16', '1', '', '843514174@qq.com', '1', '', '2022-12-22 12:41:00.035000', '2022-12-22 12:41:00.035000', '0', '1');
INSERT INTO `order` VALUES ('M20221222124110', '1', '12.16', '1', '', '843514174@qq.com', '1', '', '2022-12-22 12:41:10.579000', '2022-12-22 12:41:10.579000', '0', '1');
INSERT INTO `order` VALUES ('M20221222124128', '1', '12.16', '1', '', '843514174@qq.com', '1', '', '2022-12-22 12:41:28.893000', '2022-12-22 12:41:28.893000', '0', '1');
INSERT INTO `order` VALUES ('M20221222124132', '1', '12.16', '1', '', '843514174@qq.com', '1', '', '2022-12-22 12:41:32.709000', '2022-12-22 12:41:32.709000', '0', '1');
INSERT INTO `order` VALUES ('M20221222124137', '1', '12.16', '1', '', '843514174@qq.com', '1', '', '2022-12-22 12:41:37.148000', '2022-12-22 12:41:37.148000', '0', '1');
INSERT INTO `order` VALUES ('M20221222124223', '1', '12.16', '1', '', '843514174@qq.com', '1', '', '2022-12-22 12:42:23.528000', '2022-12-22 12:42:23.528000', '0', '1');
INSERT INTO `order` VALUES ('M20221222124245', '1', '12.16', '1', '', '843514174@qq.com', '1', '', '2022-12-22 12:42:45.588000', '2022-12-22 12:42:45.588000', '0', '1');
INSERT INTO `order` VALUES ('M20221222124307', '1', '12.16', '1', '', '843514174@qq.com', '1', '', '2022-12-22 12:43:07.476000', '2022-12-22 12:43:07.476000', '0', '1');
INSERT INTO `order` VALUES ('M20221222125147', '1', '12.16', '1', '', '843514174@qq.com', '1', '', '2022-12-22 12:51:47.800000', '2022-12-22 12:51:47.800000', '0', '1');
INSERT INTO `order` VALUES ('M20221222125210', '1', '12.16', '1', '', '843514174@qq.com', '1', '', '2022-12-22 12:52:10.010000', '2022-12-22 12:52:10.010000', '0', '1');
INSERT INTO `order` VALUES ('M20221222125307', '1', '12.16', '1', '', '843514174@qq.com', '1', '', '2022-12-22 12:53:07.946000', '2022-12-22 12:53:07.946000', '0', '1');
INSERT INTO `order` VALUES ('M20221222125622', '1', '12.16', '1', '', '843514174@qq.com', '1', '', '2022-12-22 12:56:22.533000', '2022-12-22 12:56:22.533000', '0', '1');
INSERT INTO `order` VALUES ('M20221222130821', '1', '12.16', '1', '', '843514174@qq.com', '1', '', '2022-12-22 13:08:21.525000', '2022-12-22 13:08:21.525000', '0', '1');
INSERT INTO `order` VALUES ('M20221222130825', '1', '12.16', '1', '', '843514174@qq.com', '1', '', '2022-12-22 13:08:25.491000', '2022-12-22 13:08:25.491000', '0', '1');
INSERT INTO `order` VALUES ('M20221222131056', '1', '12.16', '2', '', '843514174@qq.com', '1', '', '2022-12-22 13:10:56.402000', '2022-12-22 13:10:56.402000', '0', '1');
INSERT INTO `order` VALUES ('M20221222131101', '1', '12.16', '1', '', '843514174@qq.com', '2', '2022122322001475460505936500', '2022-12-22 13:11:01.512000', '2022-12-22 13:11:39.549000', '0', '1');
INSERT INTO `order` VALUES ('M20221222141844', '1', '12.16', '1', '', '843514174@qq.com', '1', '', '2022-12-22 14:18:44.463000', '2022-12-22 14:18:44.463000', '0', '1');
INSERT INTO `order` VALUES ('M20221223100247', '1', '12.16', '1', '', '843514174@qq.com', '1', '', '2022-12-23 10:02:47.655000', '2022-12-23 10:02:47.655000', '0', '1');
INSERT INTO `order` VALUES ('M20221225141736', '1', '12.16', '1', '', '843514174@qq.com', '2', '2022122622001475460505937967', '2022-12-25 14:17:36.296000', '2022-12-25 14:18:09.900000', '0', '1');
INSERT INTO `order` VALUES ('M20221225142201', '1', '12.16', '1', '', '843514174@qq.com', '2', '2022122622001475460505937630', '2022-12-25 14:22:01.960000', '2022-12-25 14:22:43.742000', '0', '1');
INSERT INTO `order` VALUES ('M20221226084802', '1', '12.16', '1', '', '843514174@qq.com', '1', '', '2022-12-26 08:48:02.499000', '2022-12-26 08:48:02.499000', '0', '1');
INSERT INTO `order` VALUES ('M20221226085007', '1', '12.16', '1', '', '843514174@qq.com', '1', '', '2022-12-26 08:50:07.308000', '2022-12-26 08:50:07.308000', '0', '1');
INSERT INTO `order` VALUES ('M20221228194300', '1', '12.16', '1', '', '843514174@qq.com', '1', '', '2022-12-28 19:43:00.831045', '2022-12-28 19:43:00.831045', '0', '1');

-- ----------------------------
-- Table structure for order_goods
-- ----------------------------
DROP TABLE IF EXISTS `order_goods`;
CREATE TABLE `order_goods` (
  `id` int(11) NOT NULL AUTO_INCREMENT,
  `name` varchar(40) NOT NULL,
  `price` decimal(8,2) NOT NULL,
  `password` varchar(20) NOT NULL,
  PRIMARY KEY (`id`)
) ENGINE=InnoDB AUTO_INCREMENT=2 DEFAULT CHARSET=utf8;

-- ----------------------------
-- Records of order_goods
-- ----------------------------
INSERT INTO `order_goods` VALUES ('1', '研狗插件下载与教程_解压密码', '12.00', 'yangou8868');

-- ----------------------------
-- Table structure for order_post
-- ----------------------------
DROP TABLE IF EXISTS `order_post`;
CREATE TABLE `order_post` (
  `id` int(11) NOT NULL AUTO_INCREMENT,
  `order_no` varchar(30) NOT NULL,
  `reason` varchar(1) NOT NULL,
  `email` varchar(50) NOT NULL,
  `alipay_no` varchar(50) NOT NULL,
  `content` longtext NOT NULL,
  `create_time` datetime(6) NOT NULL,
  PRIMARY KEY (`id`)
) ENGINE=InnoDB AUTO_INCREMENT=15 DEFAULT CHARSET=utf8;

-- ----------------------------
-- Records of order_post
-- ----------------------------
INSERT INTO `order_post` VALUES ('1', 'M20221213100751', '1', 'lucyxu202208@gmail.com', '123', '，就', '2022-12-20 21:28:20.035000');
INSERT INTO `order_post` VALUES ('2', 'M20221213141630', '1', 'yuanjie19890122@gmail.com', '123', '日确认', '2022-12-20 21:35:27.580000');
INSERT INTO `order_post` VALUES ('3', 'M20221213141630', '1', 'lucyxu202208@gmail.com', '123', '让4他', '2022-12-20 21:37:57.729000');
INSERT INTO `order_post` VALUES ('4', 'M20221213141630', '1', 'lucyxu202208@gmail.com', '123', '哥', '2022-12-20 21:38:53.460000');
INSERT INTO `order_post` VALUES ('5', 'M20221213094733', '1', 'lucyxu202208@gmail.com', '123', '会更好', '2022-12-20 21:41:42.741000');
INSERT INTO `order_post` VALUES ('6', 'M20221213094733', '1', 'lucyxu202208@gmail.com', '123', '会更好', '2022-12-20 21:42:35.215000');
INSERT INTO `order_post` VALUES ('7', 'M20221213094733', '1', 'lucyxu202208@gmail.com', '123', '会更好1', '2022-12-21 08:28:53.785000');
INSERT INTO `order_post` VALUES ('8', 'M20221213094733', '1', 'lucyxu202208@gmail.com', '123', '会更好1', '2022-12-21 09:29:30.784000');
INSERT INTO `order_post` VALUES ('9', 'M202212130947', '1', 'lucyxu202208@gmail.com', '123', '会更好1', '2022-12-21 09:29:44.255000');
INSERT INTO `order_post` VALUES ('10', 'M202212130947', '1', 'lucyxu202208@gmail.com', '123', '会更好1', '2022-12-21 09:30:18.782000');
INSERT INTO `order_post` VALUES ('11', 'M202212130947', '1', 'lucyxu202208@gmail.com', '123', '会更好1', '2022-12-21 09:30:54.413000');
INSERT INTO `order_post` VALUES ('12', 'M20221213100751', '1', 'lucyxu202208@gmail.com', '123', '231', '2022-12-21 09:34:24.256000');
INSERT INTO `order_post` VALUES ('13', 'M20221213100751', '1', 'lucyxu202208@gmail.com', '123', 'sdgher', '2022-12-21 11:35:46.541000');
INSERT INTO `order_post` VALUES ('14', 'M20221213141630', '1', 'lucyxu202208@gmail.com', '123', 'ktyjk', '2022-12-21 11:37:21.463000');

-- ----------------------------
-- Table structure for socialaccount_socialaccount
-- ----------------------------
DROP TABLE IF EXISTS `socialaccount_socialaccount`;
CREATE TABLE `socialaccount_socialaccount` (
  `id` int(11) NOT NULL AUTO_INCREMENT,
  `provider` varchar(30) NOT NULL,
  `uid` varchar(191) NOT NULL,
  `last_login` datetime(6) NOT NULL,
  `date_joined` datetime(6) NOT NULL,
  `extra_data` longtext NOT NULL,
  `user_id` int(11) NOT NULL,
  PRIMARY KEY (`id`),
  UNIQUE KEY `socialaccount_socialaccount_provider_uid_fc810c6e_uniq` (`provider`,`uid`),
  KEY `socialaccount_socialaccount_user_id_8146e70c_fk_auth_user_id` (`user_id`),
  CONSTRAINT `socialaccount_socialaccount_user_id_8146e70c_fk_auth_user_id` FOREIGN KEY (`user_id`) REFERENCES `auth_user` (`id`)
) ENGINE=InnoDB AUTO_INCREMENT=2 DEFAULT CHARSET=utf8;

-- ----------------------------
-- Records of socialaccount_socialaccount
-- ----------------------------
INSERT INTO `socialaccount_socialaccount` VALUES ('1', 'github', '18569271', '2022-12-28 19:39:42.527314', '2022-12-28 19:39:42.527314', '{\"login\": \"dotafeiying\", \"id\": 18569271, \"node_id\": \"MDQ6VXNlcjE4NTY5Mjcx\", \"avatar_url\": \"https://avatars.githubusercontent.com/u/18569271?v=4\", \"gravatar_id\": \"\", \"url\": \"https://api.github.com/users/dotafeiying\", \"html_url\": \"https://github.com/dotafeiying\", \"followers_url\": \"https://api.github.com/users/dotafeiying/followers\", \"following_url\": \"https://api.github.com/users/dotafeiying/following{/other_user}\", \"gists_url\": \"https://api.github.com/users/dotafeiying/gists{/gist_id}\", \"starred_url\": \"https://api.github.com/users/dotafeiying/starred{/owner}{/repo}\", \"subscriptions_url\": \"https://api.github.com/users/dotafeiying/subscriptions\", \"organizations_url\": \"https://api.github.com/users/dotafeiying/orgs\", \"repos_url\": \"https://api.github.com/users/dotafeiying/repos\", \"events_url\": \"https://api.github.com/users/dotafeiying/events{/privacy}\", \"received_events_url\": \"https://api.github.com/users/dotafeiying/received_events\", \"type\": \"User\", \"site_admin\": false, \"name\": null, \"company\": null, \"blog\": \"\", \"location\": null, \"email\": \"843514174@qq.com\", \"hireable\": null, \"bio\": null, \"twitter_username\": null, \"public_repos\": 28, \"public_gists\": 0, \"followers\": 22, \"following\": 0, \"created_at\": \"2016-04-20T07:37:33Z\", \"updated_at\": \"2022-12-29T00:38:52Z\"}', '2');

-- ----------------------------
-- Table structure for socialaccount_socialapp
-- ----------------------------
DROP TABLE IF EXISTS `socialaccount_socialapp`;
CREATE TABLE `socialaccount_socialapp` (
  `id` int(11) NOT NULL AUTO_INCREMENT,
  `provider` varchar(30) NOT NULL,
  `name` varchar(40) NOT NULL,
  `client_id` varchar(191) NOT NULL,
  `secret` varchar(191) NOT NULL,
  `key` varchar(191) NOT NULL,
  PRIMARY KEY (`id`)
) ENGINE=InnoDB AUTO_INCREMENT=2 DEFAULT CHARSET=utf8;

-- ----------------------------
-- Records of socialaccount_socialapp
-- ----------------------------
INSERT INTO `socialaccount_socialapp` VALUES ('1', 'github', 'Github', '9dec8c636ec095bc638a', '029fcfd96a815714b1baf5bc76892677d6a36f69', '');

-- ----------------------------
-- Table structure for socialaccount_socialapp_sites
-- ----------------------------
DROP TABLE IF EXISTS `socialaccount_socialapp_sites`;
CREATE TABLE `socialaccount_socialapp_sites` (
  `id` int(11) NOT NULL AUTO_INCREMENT,
  `socialapp_id` int(11) NOT NULL,
  `site_id` int(11) NOT NULL,
  PRIMARY KEY (`id`),
  UNIQUE KEY `socialaccount_socialapp_sites_socialapp_id_site_id_71a9a768_uniq` (`socialapp_id`,`site_id`),
  KEY `socialaccount_socialapp_sites_site_id_2579dee5_fk_django_site_id` (`site_id`),
  CONSTRAINT `socialaccount_social_socialapp_id_97fb6e7d_fk_socialacc` FOREIGN KEY (`socialapp_id`) REFERENCES `socialaccount_socialapp` (`id`),
  CONSTRAINT `socialaccount_socialapp_sites_site_id_2579dee5_fk_django_site_id` FOREIGN KEY (`site_id`) REFERENCES `django_site` (`id`)
) ENGINE=InnoDB AUTO_INCREMENT=2 DEFAULT CHARSET=utf8;

-- ----------------------------
-- Records of socialaccount_socialapp_sites
-- ----------------------------
INSERT INTO `socialaccount_socialapp_sites` VALUES ('1', '1', '2');

-- ----------------------------
-- Table structure for socialaccount_socialtoken
-- ----------------------------
DROP TABLE IF EXISTS `socialaccount_socialtoken`;
CREATE TABLE `socialaccount_socialtoken` (
  `id` int(11) NOT NULL AUTO_INCREMENT,
  `token` longtext NOT NULL,
  `token_secret` longtext NOT NULL,
  `expires_at` datetime(6) DEFAULT NULL,
  `account_id` int(11) NOT NULL,
  `app_id` int(11) NOT NULL,
  PRIMARY KEY (`id`),
  UNIQUE KEY `socialaccount_socialtoken_app_id_account_id_fca4e0ac_uniq` (`app_id`,`account_id`),
  KEY `socialaccount_social_account_id_951f210e_fk_socialacc` (`account_id`),
  CONSTRAINT `socialaccount_social_account_id_951f210e_fk_socialacc` FOREIGN KEY (`account_id`) REFERENCES `socialaccount_socialaccount` (`id`),
  CONSTRAINT `socialaccount_social_app_id_636a42d7_fk_socialacc` FOREIGN KEY (`app_id`) REFERENCES `socialaccount_socialapp` (`id`)
) ENGINE=InnoDB DEFAULT CHARSET=utf8;

-- ----------------------------
-- Records of socialaccount_socialtoken
-- ----------------------------
